,,,,,,,,,,,,,,,,,,,,,,,,,,,,,,,,,,,,,,,,,,,,,,,,,,,,,,,,
Importaciones clasificadas por tipo de bien (1) (2),,,,,,,,,,,,,,,,,,,,,,,,,,,,,,,,,,,,,,,,,,,,,,,,,,,,,,,,
(Millones de dólares),,,,,,,,,,,,,,,,,,,,,,,,,,,,,,,,,,,,,,,,,,,,,,,,,,,,,,,,
,,,,,,,,,,,,,,,,,,,,,,,,,,,,,,,,,,,,,,,,,,,,,,,,,,,,,,,,
Año,Mes,Bienes de Consumo,,,,,,,,,,,,,,,,,,                                                                                                                                                     Bienes Intermedios,,,,,,,,,,,,,,,,,,,,                                                                                                             Bienes de Capital,,,,,,,,,,,,,Total de importación de bienes (cif),Total de importación de bienes (fob),,
,,,Durables (1),,,,,,Semidurables (2),,,Otros bienes de consumo,,,,,,,,,                                     Productos Energéticos,,,,,,,                                                                                          Resto Intermedios,,,,,,,,,,,,,,,,,,,,,,,,,,,,
,,Total,Total,Automóviles,Computadores,Celulares,Televisores,Electródomesticos,Total,Vestuario,Calzado,Total,Carne,Otros alimentos,Bebidas y alcoholes,Gasolinas,Gas licuado,Medicamentos,Perfumes,Total,Total,Petróleo,Diésel,Carbón mineral,Gas natural licuado,Gas natural gaseoso,Aceite lubricante,Total,Productos químicos,Abono,Productos metálicos,Partes y piezas de maquinaria para la minería y la construcción,Partes y piezas de otras maquinarias y equipos,Aparatos de control eléctrico,Concentrado de molibdeno,Trigo y maíz,Azúcar y endulzante,"Cartón y papel elaborados, y otros",Fibra y tejido,Total,Camiones y vehículos de carga,Buses,Otros vehículos de transporte,Maquinaria para la minería y la construcción,"Motores, generadores y transformadores eléctricos",Motores y turbinas,Bombas y compresores,Calderas de vapor,Otra maquinaria,Aparatos eléctronicos de comunicación,Equipos computacionales,Aparatos médicos,,,,
,,,,,,,,,,,,,,,,,,,,,,,,,,,,,,,,,,,,,,,,,,,,,,,,,,,,,,,,
2003,Enero,382,123,52,6,16,6,12,129,65,29,130,14,22,3,10,5,16,10,"1,040",363,239,21,15,0,40,27,677,115,17,69,11,67,12,5,33,21,23,33,328,34,20,13,19,14,7,13,2,98,18,16,17,"1,749","1,621",,
,Febrero,343,113,41,9,19,7,11,121,69,25,109,14,17,2,11,5,14,10,790,257,185,8,3,0,22,25,533,99,14,52,12,64,8,4,11,4,17,27,242,22,11,4,12,7,7,8,5,81,11,17,16,"1,375","1,282",,
,Marzo,318,105,33,11,17,7,13,100,55,16,114,13,20,3,8,5,15,11,738,236,140,17,10,0,29,26,502,88,14,49,12,52,9,4,10,4,20,27,334,24,10,11,13,9,2,11,19,135,13,19,22,"1,391","1,298",,
,Abril,362,149,58,9,24,8,19,88,43,14,125,16,23,4,7,6,16,12,920,334,248,15,10,0,25,24,586,108,27,64,10,58,9,7,9,4,16,28,395,28,12,20,22,8,13,10,24,153,11,19,22,"1,677","1,564",,
,Mayo,391,164,58,12,27,12,18,94,43,13,133,12,26,4,13,6,18,11,885,282,155,16,17,0,48,23,603,102,22,65,13,65,10,4,9,5,18,37,350,28,9,31,27,12,15,12,11,114,10,18,18,"1,626","1,505",,
,Junio,344,133,37,12,27,13,15,76,29,13,135,17,24,4,12,8,16,12,817,222,128,19,8,0,24,19,595,92,24,70,20,58,10,8,7,3,19,31,291,21,7,5,18,19,4,11,13,115,7,19,15,"1,452","1,350",,
,Julio,426,156,48,14,28,12,16,121,55,24,150,16,29,3,15,12,18,13,949,296,188,17,8,0,34,22,654,105,38,71,19,69,9,9,11,5,21,35,280,30,8,6,13,14,5,10,5,96,7,20,19,"1,655","1,539",,
,Agosto,399,138,51,10,14,11,14,122,57,28,139,18,29,3,7,7,14,14,906,273,168,33,9,0,24,23,633,98,49,64,12,62,9,7,27,5,18,28,323,53,6,24,12,23,3,10,4,96,8,20,15,"1,628","1,513",,
,Septiembre,418,148,50,11,23,11,12,128,57,24,141,15,27,4,15,5,17,13,831,250,141,23,11,0,38,21,581,91,40,57,13,61,14,7,30,4,22,27,305,42,14,13,14,14,5,13,3,94,7,20,15,"1,554","1,441",,
,Octubre,477,185,59,11,31,15,18,138,53,25,154,18,26,6,12,8,15,13,968,310,217,9,12,0,30,22,657,106,38,66,15,66,14,9,23,7,25,30,331,46,17,20,15,10,5,12,1,95,10,23,22,"1,775","1,647",,
,Noviembre,426,170,49,11,38,12,13,113,42,17,143,20,31,5,10,5,14,11,864,238,152,9,10,0,30,22,626,95,24,69,15,70,14,7,25,9,23,28,326,38,12,34,15,13,4,11,1,100,9,17,20,"1,615","1,502",,
,Diciembre,426,165,69,8,22,8,12,116,51,18,145,29,24,3,14,5,14,11,894,247,164,9,2,0,34,21,648,105,19,68,20,75,14,6,15,4,23,30,337,42,9,14,23,8,6,12,0,99,15,24,21,"1,657","1,541",,
2004,Enero,409,133,58,7,17,8,9,132,66,29,144,20,23,2,19,6,15,13,"1,117",365,260,23,10,0,30,22,752,123,21,71,14,93,10,12,25,5,26,34,333,34,29,5,28,8,4,15,0,100,12,18,19,"1,860","1,725",,
,Febrero.,404,139,56,8,29,6,12,143,84,29,122,14,22,3,11,4,15,11,863,284,166,19,18,0,43,23,579,97,18,54,14,55,8,12,17,4,20,39,283,27,18,11,25,6,3,11,1,79,12,18,19,"1,549","1,431",,
,Marzo.,449,183,71,11,35,13,18,107,56,23,159,18,30,3,14,7,19,16,"1,154",403,257,35,22,0,45,24,752,131,32,89,13,71,9,12,21,6,27,34,377,41,16,31,32,12,4,12,0,101,14,24,21,"1,980","1,827",,
,Abril,479,204,60,15,61,13,20,116,61,18,159,20,27,4,23,5,18,15,"1,047",336,224,29,17,0,27,22,712,111,28,73,15,82,10,23,9,6,22,35,347,38,9,7,34,11,11,13,1,95,13,23,25,"1,873","1,743",,
,Mayo,520,232,80,19,51,14,24,107,50,19,180,18,30,4,27,12,18,13,"1,052",340,167,57,32,0,35,24,711,124,36,76,15,65,11,14,7,8,20,40,375,54,11,17,31,11,9,12,0,100,16,24,19,"1,946","1,808",,
,Junio,452,202,66,18,43,18,14,95,39,18,155,20,28,3,9,13,20,14,"1,027",298,169,31,29,0,22,24,729,128,37,78,18,72,11,18,2,10,25,37,344,40,9,5,24,14,8,11,1,105,20,29,17,"1,823","1,694",,
,Julio,556,207,68,19,29,20,19,147,71,26,202,22,36,7,27,17,19,17,"1,263",447,230,58,37,0,57,28,816,130,49,98,15,70,10,18,17,8,23,42,366,42,11,12,21,10,20,14,1,104,14,22,21,"2,185","2,018",,
,Agosto,540,191,66,14,25,19,18,181,93,37,169,28,29,3,6,6,22,17,"1,227",389,258,30,20,0,28,35,839,123,64,106,20,86,11,22,18,10,29,38,377,54,11,3,31,10,5,15,0,123,11,23,21,"2,145","1,986",,
,Septiembre,574,209,72,16,28,19,19,192,90,40,173,26,25,3,16,11,18,16,"1,236",385,241,23,14,0,44,28,851,136,60,118,16,79,12,25,21,11,29,31,410,41,32,6,35,13,6,15,0,115,18,26,26,"2,220","2,056",,
,Octubre,550,224,74,14,35,17,20,157,69,22,170,21,28,5,7,10,18,17,"1,414",552,363,56,23,0,51,29,862,138,41,90,16,85,12,34,29,10,31,34,466,72,15,2,52,9,20,16,0,125,24,24,24,"2,431","2,252",,
,Noviembre,553,239,79,18,38,19,17,146,53,23,168,20,27,7,12,7,21,16,"1,143",378,247,39,17,0,29,28,765,123,18,100,15,77,11,21,14,7,32,37,444,69,15,10,28,13,19,16,1,122,21,26,26,"2,140","1,983",,
,Diciembre,527,204,75,13,21,13,15,149,67,27,173,26,27,7,10,9,17,17,"1,433",435,293,39,16,0,37,29,998,158,24,128,16,112,12,50,10,10,35,37,536,80,6,23,45,19,28,18,14,132,15,26,27,"2,495","2,307",,
2005,Enero,523,209,94,8,37,8,14,138,75,27,176,23,28,6,23,8,18,14,"1,351",423,233,55,25,0,49,37,928,158,22,99,14,92,14,60,27,7,29,34,523,56,51,46,48,12,12,15,3,124,15,20,21,"2,397","2,215",,
,Febrero,533,175,61,11,50,7,13,167,91,35,191,24,24,3,42,8,18,16,"1,181",373,196,59,20,0,45,26,807,152,10,102,13,74,13,45,14,6,34,30,436,56,16,25,40,11,10,14,17,129,13,21,22,"2,150","1,995",,
,Marzo,645,239,101,16,33,15,26,179,103,35,227,23,31,5,49,9,23,20,"1,546",596,396,56,39,0,34,39,950,182,33,105,15,91,16,41,15,9,36,37,549,97,23,5,52,14,8,18,1,161,13,28,26,"2,740","2,545",,
,Abril,538,224,88,16,46,13,20,117,60,15,196,25,35,4,16,7,23,18,"1,402",522,259,113,30,0,48,39,880,154,37,104,19,90,17,45,5,8,27,37,609,83,16,26,54,15,7,18,12,219,15,26,23,"2,548","2,376",,
,Mayo,586,225,75,20,45,18,22,118,52,19,244,25,33,5,42,18,23,18,"1,604",627,304,150,26,0,42,59,976,157,55,115,16,94,17,84,7,8,29,46,536,64,11,38,43,21,4,21,1,188,17,26,25,"2,726","2,534",,
,Junio,542,245,82,22,47,22,21,111,44,20,186,22,25,5,19,13,22,17,"1,422",527,262,70,36,0,54,56,895,158,46,110,17,86,16,45,4,7,24,42,575,67,20,13,38,24,6,22,1,205,21,36,26,"2,539","2,365",,
,Julio,648,261,102,20,44,22,17,160,75,34,227,27,39,8,19,17,24,20,"1,519",535,259,86,36,0,69,42,984,149,45,115,16,100,14,88,13,8,31,42,726,93,20,109,50,28,4,20,5,220,14,28,27,"2,892","2,710",,
,Agosto,702,273,100,19,42,23,20,206,102,42,223,38,37,4,12,13,25,22,"1,501",486,312,50,12,0,36,40,"1,015",164,69,134,20,112,15,53,14,10,31,42,604,106,9,27,61,17,5,20,9,170,14,31,31,"2,806","2,618",,
,Septiembre,683,269,97,22,33,28,20,197,86,39,217,44,31,4,4,15,21,21,"1,655",663,464,58,29,0,37,41,991,152,49,98,14,103,15,73,31,12,30,37,611,78,9,39,46,13,6,29,25,176,22,37,29,"2,949","2,757",,
,Octubre,729,293,85,23,51,32,24,188,75,32,248,26,40,5,35,12,20,22,"1,601",610,394,65,14,0,54,46,992,151,43,123,20,110,14,62,25,12,31,41,809,74,155,116,47,13,3,23,8,179,38,34,28,"3,139","2,938",,
,Noviembre,704,335,100,28,71,27,24,161,60,30,208,33,33,5,8,11,21,20,"1,592",540,375,55,19,0,18,49,"1,052",162,26,122,16,147,18,79,21,15,32,42,748,97,71,95,50,15,4,23,10,170,22,41,34,"3,044","2,849",,
,Diciembre,649,266,110,17,27,13,21,163,71,31,221,41,31,5,19,11,20,19,"1,607",500,321,43,21,0,35,49,"1,107",162,22,115,17,143,17,41,10,11,33,45,660,83,47,42,37,18,5,17,4,193,30,33,28,"2,917","2,716",,
2006,Enero,667,261,108,17,49,6,19,192,100,39,213,36,35,5,7,13,22,19,"1,867",702,489,69,18,0,43,52,"1,165",174,24,156,20,129,13,48,48,14,29,43,682,122,49,43,37,13,6,29,1,181,20,32,26,"3,216","2,996",,
,Febrero,609,221,70,16,57,11,20,201,113,41,187,14,32,4,21,9,20,19,"1,474",576,365,85,19,0,36,41,898,161,22,111,18,95,13,25,22,11,28,38,482,54,23,16,24,19,13,19,3,153,19,25,26,"2,565","2,388",,
,Marzo,751,330,133,26,62,21,29,191,111,33,230,22,37,4,30,8,25,22,"1,776",639,374,84,42,0,61,49,"1,137",195,30,138,20,114,17,50,53,13,30,41,722,101,15,108,34,22,18,26,1,181,25,34,34,"3,249","3,033",,
,Abril,616,259,76,20,51,30,30,149,75,24,209,27,38,3,11,11,23,22,"1,472",523,322,73,20,0,26,53,950,163,28,103,20,95,17,40,22,10,26,44,520,74,18,18,35,17,5,17,1,168,15,30,27,"2,608","2,446",,
,Mayo,799,351,133,26,67,33,31,155,66,25,293,26,40,5,42,24,29,24,"2,016",918,526,172,41,0,47,55,"1,098",198,44,121,20,104,18,40,36,11,33,56,634,97,25,20,28,22,41,20,1,170,29,37,29,"3,449","3,234",,
,Junio,751,309,93,27,61,38,26,147,64,22,294,24,40,4,59,16,30,22,"1,829",764,411,190,33,0,24,51,"1,066",190,37,132,18,100,14,30,31,13,33,48,652,80,13,97,39,19,11,18,0,177,25,42,29,"3,232","3,035",,
,Julio,741,302,111,24,57,24,23,197,96,38,242,14,34,4,35,16,26,26,"1,734",720,443,126,29,0,23,56,"1,014",169,47,107,20,100,18,39,29,11,32,48,728,107,10,130,61,22,9,22,1,161,29,35,29,"3,203","3,019",,
,Agosto,867,306,108,24,45,29,26,276,140,53,285,25,43,6,27,20,27,27,"1,989",769,410,179,42,0,24,53,"1,220",186,68,150,21,117,17,43,34,10,39,48,718,89,24,104,60,19,15,22,0,184,19,31,44,"3,575","3,357",,
,Septiembre,805,322,111,21,55,33,22,234,106,49,249,27,38,5,12,20,25,25,"1,847",735,486,85,16,0,48,59,"1,112",195,63,120,17,100,18,49,43,16,31,44,797,99,48,140,35,35,48,24,0,165,21,35,38,"3,449","3,240",,
,Octubre,920,413,118,31,102,37,22,223,96,37,285,38,33,8,44,14,25,26,"1,837",656,336,122,24,0,65,52,"1,181",183,60,165,19,101,19,49,33,18,33,46,650,92,18,35,45,18,16,22,0,174,32,41,41,"3,408","3,180",,
,Noviembre,888,426,119,34,106,34,31,213,78,35,249,38,42,9,10,11,21,25,"1,876",641,386,81,38,0,64,51,"1,235",193,32,133,21,133,16,76,45,17,38,46,749,85,22,94,53,27,14,24,1,191,40,37,37,"3,513","3,277",,
,Diciembre,786,314,113,14,58,19,22,199,84,41,272,38,33,6,41,12,22,24,"1,907",628,326,132,32,0,52,47,"1,279",173,16,135,18,162,18,62,39,16,40,47,728,91,19,87,58,23,21,24,6,183,22,34,36,"3,420","3,199",,
2007,Enero,771,304,121,15,59,8,22,233,120,51,233,27,33,6,18,13,28,23,"1,870",581,367,35,26,0,74,48,"1,289",208,27,134,19,159,18,41,47,20,37,44,631,80,27,17,45,15,12,22,3,192,29,29,36,"3,272","3,048",,
,Febrero,779,303,115,31,67,6,28,255,142,56,220,23,40,5,18,10,21,22,"1,709",586,333,94,31,0,58,47,"1,123",184,25,134,17,134,16,29,55,20,34,40,594,77,16,28,48,15,13,21,9,161,29,39,29,"3,081","2,875",,
,Marzo,856,307,112,34,38,10,38,274,161,51,275,28,37,6,22,12,28,26,"2,068",794,394,227,38,0,40,55,"1,275",217,41,143,26,125,20,53,41,19,44,46,756,116,18,22,79,25,15,27,1,208,42,40,38,"3,680","3,435",,
,Abril,736,319,121,32,58,7,35,137,68,21,279,31,41,7,30,15,25,28,"1,999",788,396,187,32,0,75,53,"1,212",203,41,115,22,139,16,69,30,15,35,43,686,104,17,13,46,23,29,25,3,187,40,35,37,"3,421","3,209",,
,Mayo,882,378,165,30,57,17,33,154,69,23,350,29,42,8,56,25,39,28,"2,332","1,022",492,254,63,0,60,58,"1,310",210,43,125,22,128,23,72,33,17,36,52,823,99,16,127,72,19,10,23,1,200,46,38,36,"4,036","3,780",,
,Junio,841,354,132,46,59,19,26,178,77,31,309,24,44,7,34,25,31,27,"2,147",859,392,257,48,0,37,52,"1,287",199,65,174,24,142,19,76,45,12,33,50,720,93,13,28,63,22,7,28,0,197,50,48,38,"3,707","3,461",,
,Julio,938,333,137,39,43,14,24,249,123,49,356,28,43,6,34,40,30,26,"2,325","1,042",423,402,35,0,33,81,"1,283",207,64,132,31,131,24,57,45,15,36,50,708,123,13,9,41,27,12,27,2,196,45,53,38,"3,970","3,710",,
,Agosto,"1,083",354,134,41,43,24,22,303,153,58,427,30,54,8,74,40,32,35,"2,507",942,331,336,52,0,24,89,"1,565",245,107,200,28,144,21,107,82,18,46,55,815,128,19,42,74,18,8,26,0,219,56,43,38,"4,405","4,110",,
,Septiembre,959,338,139,21,40,18,26,255,114,46,367,31,48,8,50,24,29,27,"2,174",951,446,305,26,0,27,60,"1,224",195,71,125,18,114,20,107,41,26,43,46,730,111,32,50,52,26,8,24,0,183,36,35,34,"3,864","3,617",,
,Octubre,"1,152",458,153,54,63,25,29,280,117,44,415,30,61,10,50,29,34,34,"2,655","1,097",470,353,64,0,20,90,"1,558",242,77,181,29,149,20,78,86,25,46,55,925,125,47,61,74,24,23,27,2,226,45,55,45,"4,732","4,404",,
,Noviembre,"1,095",424,153,45,55,23,27,230,91,32,441,37,58,10,76,26,33,30,"2,606","1,090",416,452,40,0,22,77,"1,516",257,36,160,27,145,20,91,88,30,46,53,"1,013",138,56,171,63,22,11,26,1,210,46,47,47,"4,714","4,421",,
,Diciembre,941,335,153,22,26,9,24,224,104,40,381,50,51,9,49,30,30,28,"2,604","1,017",558,242,42,0,25,67,"1,587",211,43,158,37,200,19,78,65,14,40,50,"1,094",125,50,182,99,39,27,26,3,215,49,40,45,"4,639","4,351",,
2008,Enero,"1,000",357,176,20,44,10,24,275,144,58,368,36,54,9,26,19,30,29,"2,701","1,128",502,376,63,0,25,102,"1,573",272,34,172,32,148,20,108,42,21,48,51,919,136,49,38,46,88,11,26,3,228,53,34,45,"4,621","4,280",,
,Febrero,985,349,151,41,46,9,28,300,172,60,336,33,54,6,1,23,29,30,"2,827","1,295",674,373,74,0,35,79,"1,532",274,39,206,30,148,20,105,55,23,45,45,826,114,31,11,70,47,11,25,8,211,56,42,43,"4,638","4,314",,
,Marzo,"1,061",399,162,49,68,13,33,261,153,44,400,27,52,8,32,25,28,35,"2,876","1,431",592,570,64,0,36,72,"1,445",261,56,169,27,136,22,59,45,25,48,46,818,121,21,32,63,39,19,28,3,205,50,44,41,"4,756","4,442",,
,Abril,"1,234",514,225,49,91,18,46,202,97,30,519,27,72,7,93,34,38,38,"3,324","1,619",603,649,50,0,52,130,"1,706",285,124,222,35,169,27,89,48,22,47,56,987,128,32,41,94,43,11,38,30,227,49,46,42,"5,546","5,195",,
,Mayo,"1,121",452,196,46,66,15,40,203,90,30,465,28,71,7,49,32,39,36,"3,299","1,563",705,520,102,0,60,89,"1,737",289,108,223,36,170,32,56,57,24,37,62,"1,080",132,19,130,104,55,19,27,33,247,43,49,45,"5,500","5,163",,
,Junio,"1,133",447,210,59,46,11,39,217,107,32,469,38,68,7,55,43,35,34,"3,148","1,458",677,460,72,0,15,96,"1,690",281,111,239,31,158,24,71,42,32,35,65,"1,173",170,23,184,90,67,14,31,31,233,46,60,45,"5,455","5,114",,
,Julio,"1,291",453,186,66,46,18,44,324,155,56,514,55,76,9,34,50,42,35,"3,613","1,550",676,498,84,0,8,136,"2,063",324,150,321,50,193,30,59,92,40,39,66,"1,269",153,22,172,85,65,30,43,23,291,73,58,47,"6,174","5,776",,
,Agosto,"1,241",451,206,33,61,18,36,338,162,61,452,53,71,11,12,51,35,41,"3,606","1,574",821,267,103,0,42,213,"2,033",329,150,283,35,178,34,81,87,27,38,62,"1,115",139,30,70,95,95,26,36,23,269,45,41,51,"5,962","5,545",,
,Septiembre,"1,191",403,154,33,44,28,34,335,150,60,454,54,73,11,1,43,39,46,"3,491","1,486",773,324,94,0,8,188,"2,005",338,162,323,65,184,25,66,66,28,38,56,"1,107",144,45,46,99,102,44,35,26,243,52,43,41,"5,790","5,376",,
,Octubre,"1,244",456,154,32,68,40,36,340,135,52,448,39,71,14,37,28,37,39,"3,431","1,281",658,298,95,0,36,123,"2,150",342,149,420,44,169,28,69,114,37,53,60,"1,219",160,44,110,101,54,33,60,13,297,57,37,45,"5,894","5,467",,
,Noviembre,922,354,124,34,56,23,29,247,96,41,321,33,51,13,21,15,33,33,"2,077",636,174,123,80,0,30,154,"1,441",217,36,265,43,161,22,57,39,12,48,47,"1,096",144,23,196,97,70,23,43,22,224,34,32,38,"4,095","3,792",,
,Diciembre,861,268,121,21,21,7,18,277,118,62,316,33,40,10,13,14,35,31,"2,341",821,320,149,71,0,104,120,"1,520",245,39,240,33,172,26,25,47,21,46,50,"1,011",124,37,25,99,128,13,28,21,253,44,30,43,"4,212","3,892",,
2009,Enero,744,200,65,15,43,4,14,281,160,59,263,17,42,7,25,9,28,29,"1,841",582,179,148,57,0,109,64,"1,259",193,25,176,46,150,19,10,44,26,43,41,892,122,17,127,81,71,14,38,21,189,35,23,31,"3,478","3,221",,
,Febrero,689,169,54,21,31,5,16,251,148,51,269,26,49,7,14,11,29,31,"1,656",599,194,174,73,0,75,48,"1,057",192,24,132,33,135,18,15,11,16,29,31,640,65,13,2,66,96,13,19,16,157,42,26,32,"2,985","2,765",,
,Marzo,698,195,74,25,27,7,24,172,99,30,331,37,49,8,45,15,39,32,"1,765",669,254,152,55,0,91,65,"1,095",192,40,150,31,126,21,16,29,20,31,34,638,70,23,11,49,32,8,19,46,164,45,28,35,"3,101","2,882",,
,Abril,698,211,52,30,37,10,35,171,88,27,316,38,49,7,20,14,43,34,"2,005",854,366,230,75,0,56,77,"1,150",202,43,149,37,158,21,10,26,27,31,37,739,66,14,46,55,65,8,24,48,183,48,30,36,"3,442","3,210",,
,Mayo,673,209,48,41,42,15,25,139,73,21,326,30,52,7,51,16,35,32,"1,630",560,202,188,40,0,15,58,"1,070",165,34,162,29,147,24,18,27,28,23,34,611,59,17,5,37,87,8,23,29,151,44,34,29,"2,914","2,734",,
,Junio,723,233,61,43,42,17,24,184,87,37,306,27,62,7,22,17,36,34,"1,749",672,354,138,61,0,6,68,"1,077",175,36,117,33,148,23,19,16,25,28,38,687,55,16,27,41,51,7,27,48,186,34,42,34,"3,160","2,972",,
,Julio,868,271,84,42,46,20,26,235,117,46,362,48,51,10,20,26,41,40,"2,191","1,003",561,214,60,20,11,90,"1,188",195,57,121,27,141,26,33,32,25,32,40,889,75,23,33,61,108,52,34,53,192,45,42,47,"3,947","3,723",,
,Agosto,801,249,86,28,39,20,21,224,110,44,328,63,60,9,0,16,34,34,"1,888",709,415,135,58,0,11,58,"1,180",174,67,113,32,135,40,47,31,21,34,37,740,48,19,32,65,60,32,34,68,186,34,33,38,"3,430","3,235",,
,Septiembre,916,305,117,34,41,22,23,251,109,44,361,44,64,10,22,14,32,40,"1,865",706,221,235,37,46,24,91,"1,159",208,84,100,29,117,22,57,9,19,31,41,656,39,14,7,46,23,14,36,14,220,45,38,39,"3,437","3,236",,
,Octubre,"1,036",417,130,47,79,44,30,264,113,40,355,40,60,12,22,17,36,43,"2,233",783,407,150,51,28,25,80,"1,451",233,68,132,47,150,25,70,46,25,44,52,783,68,23,19,81,25,10,25,27,216,47,45,43,"4,052","3,809",,
,Noviembre,"1,032",432,157,53,70,28,29,261,100,47,339,44,43,14,20,21,37,35,"2,240","1,007",512,204,72,40,36,73,"1,232",217,26,132,32,138,22,42,24,24,38,48,958,113,41,138,49,18,42,35,32,207,39,45,42,"4,229","3,975",,
,Diciembre,"1,078",404,186,41,30,28,28,286,126,61,388,59,54,16,47,17,33,38,"2,243",740,312,115,55,38,38,124,"1,503",209,34,167,54,182,24,38,29,32,48,55,"1,212",124,62,219,74,31,34,35,33,257,52,57,54,"4,532","4,263",,
2010,Enero,993,419,186,36,81,13,27,258,121,57,315,37,43,10,13,14,33,32,"2,316",887,423,160,40,54,47,100,"1,429",229,20,182,33,196,21,16,25,22,38,45,977,125,39,30,73,68,77,34,38,218,40,36,40,"4,285","4,028",,
,Febrero,985,377,169,48,54,18,28,263,137,55,345,52,49,8,26,16,30,37,"2,094",897,475,196,43,47,26,77,"1,197",207,43,151,36,126,17,34,20,25,36,43,796,80,43,105,73,22,14,22,7,183,34,46,38,"3,876","3,650",,
,Marzo,"1,241",472,187,54,63,40,48,293,166,45,477,64,59,12,74,20,41,41,"2,338",805,117,364,60,74,19,103,"1,533",272,65,164,43,154,21,53,28,30,35,53,886,121,31,43,93,37,9,30,12,197,54,52,46,"4,466","4,188",,
,Abril,"1,184",463,171,44,80,41,56,197,94,25,524,62,57,18,133,16,38,44,"2,289",800,118,330,30,94,16,83,"1,489",246,43,224,36,150,24,37,10,23,36,50,"1,038",202,21,53,122,23,13,27,4,243,56,47,43,"4,511","4,232",,
,Mayo,"1,190",489,188,53,58,66,47,227,102,30,475,60,52,13,82,20,35,42,"2,705","1,118",371,408,56,79,17,105,"1,586",256,53,292,38,142,22,42,13,23,35,62,920,144,48,15,100,35,36,28,3,206,52,43,43,"4,815","4,518",,
,Junio,"1,141",489,187,59,72,47,41,287,128,46,365,55,54,11,1,26,37,46,"2,420",810,331,122,65,83,27,101,"1,609",257,54,288,34,155,23,24,22,30,44,66,965,140,38,20,119,47,19,29,13,202,53,53,54,"4,525","4,225",,
,Julio,"1,409",552,200,77,62,68,45,363,160,66,494,60,75,13,45,27,51,45,"2,770",915,272,290,54,109,0,109,"1,856",263,62,377,35,180,26,45,23,31,44,75,"1,110",190,37,77,93,31,38,35,2,246,61,58,52,"5,289","4,940",,
,Agosto,"1,407",527,201,42,64,67,41,402,191,76,478,72,65,16,23,19,41,53,"2,828","1,073",414,321,83,84,5,97,"1,755",255,109,277,45,178,24,20,20,33,51,73,"1,050",200,35,63,74,27,20,39,1,255,52,43,49,"5,285","4,927",,
,Septiembre,"1,424",532,186,38,64,73,37,414,180,70,478,74,61,18,23,23,39,50,"2,641",892,364,215,68,96,7,99,"1,749",258,121,223,39,169,26,35,33,32,69,71,"1,018",174,47,57,86,25,24,30,5,245,49,44,44,"5,083","4,733",,
,Octubre,"1,477",649,219,58,109,85,39,400,175,57,429,48,65,22,23,20,37,48,"2,793","1,091",607,132,61,73,10,146,"1,701",281,81,196,38,182,29,27,33,35,62,71,"1,173",196,36,47,127,46,15,36,7,276,51,51,61,"5,443","5,083",,
,Noviembre,"1,498",658,302,50,93,57,32,364,153,58,476,76,67,16,47,17,39,43,"2,676",932,383,225,67,94,6,105,"1,744",259,49,168,39,192,25,27,46,27,54,61,"1,226",198,53,95,90,22,24,41,4,283,57,52,64,"5,400","5,061",,
,Diciembre,"1,487",541,266,28,57,26,28,442,204,98,504,109,64,22,24,22,31,48,"3,079","1,041",464,185,92,127,10,112,"2,039",264,39,231,45,274,28,39,30,27,69,72,"1,322",182,62,96,137,22,17,41,8,310,62,44,64,"5,888","5,523",,
2011,Enero,"1,296",513,250,41,70,13,36,376,188,87,407,50,73,12,13,14,39,39,"2,952","1,070",535,147,80,122,15,128,"1,883",288,42,222,44,233,27,39,25,37,49,57,"1,110",169,36,64,106,18,12,32,11,277,51,47,63,"5,358","5,024",,
,Febrero,"1,349",460,197,59,57,26,48,411,228,72,478,51,82,14,33,23,41,44,"2,707","1,137",421,298,69,110,16,129,"1,570",248,60,153,33,163,23,38,39,44,51,64,"1,140",131,31,186,156,20,16,27,1,235,50,58,52,"5,196","4,890",,
,Marzo,"1,507",584,274,66,60,23,64,363,214,54,560,72,81,16,51,18,49,52,"3,599","1,526",691,354,87,168,8,141,"2,074",333,79,260,44,222,32,43,27,58,59,62,"1,339",199,37,66,108,36,24,45,71,303,75,61,76,"6,445","6,079",,
,Abril,"1,470",646,264,65,120,50,56,283,139,39,541,79,75,17,42,15,42,51,"3,281","1,351",486,436,94,126,7,132,"1,930",322,89,221,43,210,25,39,3,60,43,65,"1,172",185,29,11,107,31,17,33,39,300,61,59,59,"5,923","5,593",,
,Mayo,"1,515",608,244,60,108,63,42,307,153,49,600,64,81,13,70,49,52,51,"3,503","1,570",691,405,69,140,0,142,"1,932",339,79,272,47,207,32,79,9,44,45,69,"1,206",168,27,57,134,39,10,38,8,303,80,54,66,"6,223","5,884",,
,Junio,"1,457",558,233,62,65,61,39,392,197,69,508,61,72,16,24,40,42,47,"3,446","1,464",571,311,143,183,6,143,"1,982",313,98,242,44,195,27,78,17,47,43,78,"1,210",202,32,0,142,55,18,42,20,300,69,61,61,"6,113","5,841",,
,Julio,"1,662",654,285,56,96,67,40,459,223,86,549,59,65,19,68,29,40,54,"3,542","1,485",569,416,90,154,0,147,"2,057",327,94,279,45,226,28,72,31,30,48,86,"1,244",206,24,1,111,58,19,47,21,321,72,54,65,"6,448","6,099",,
,Agosto,"1,729",641,267,55,85,62,41,534,276,87,553,94,78,17,9,42,50,62,"3,741","1,466",662,187,149,180,1,173,"2,275",348,145,288,50,210,29,83,33,39,50,92,"1,344",224,37,8,146,34,15,52,32,378,62,53,68,"6,813","6,436",,
,Septiembre,"1,792",645,268,40,76,67,45,509,246,82,638,86,81,19,100,32,44,58,"3,525","1,315",540,279,103,140,8,148,"2,210",361,129,243,50,207,33,69,70,42,52,79,"1,401",243,53,110,151,41,18,38,3,324,62,45,62,"6,718","6,332",,
,Octubre,"1,638",657,208,60,129,84,46,424,193,64,557,82,71,18,21,16,98,45,"2,980","1,074",325,301,98,96,0,168,"1,906",313,93,204,49,221,26,38,48,26,56,76,"1,343",191,44,194,140,23,15,37,6,311,61,54,53,"5,961","5,627",,
,Noviembre,"1,669",691,244,72,139,58,46,432,193,73,545,94,75,28,13,20,47,52,"3,436","1,334",475,381,107,139,13,149,"2,102",329,57,212,49,232,29,54,87,30,55,77,"1,656",278,58,228,169,32,21,38,2,347,70,59,66,"6,760","6,375",,
,Diciembre,"1,551",551,249,29,76,27,34,426,215,87,574,79,82,25,69,18,40,50,"3,621","1,221",530,289,87,62,6,140,"2,400",324,50,218,55,348,30,49,67,28,51,68,"1,629",242,93,119,161,95,14,39,3,330,70,53,66,"6,801","6,408",,
2012,Enero,"1,502",561,267,44,100,19,42,459,254,88,481,49,65,19,47,12,48,44,"3,325","1,469",614,382,97,140,1,106,"1,856",304,37,220,41,194,28,40,42,32,51,67,"1,104",128,16,40,128,28,16,42,3,340,64,42,71,"5,930","5,596",,
,Febrero,"1,529",541,191,75,101,32,45,516,306,99,472,53,68,15,32,14,41,56,"3,231","1,246",427,407,76,137,1,146,"1,985",351,82,198,55,202,28,59,45,37,45,67,"1,118",162,27,26,179,32,14,36,1,283,48,61,73,"5,878","5,534",,
,Marzo,"1,486",584,231,57,109,33,56,300,174,46,602,82,78,23,74,26,51,65,"3,623","1,482",508,368,97,200,2,158,"2,141",390,68,268,63,219,31,37,55,46,54,60,"1,301",226,22,58,170,54,19,44,1,318,61,55,74,"6,410","6,039",,
,Abril,"1,485",600,208,60,122,43,61,308,166,38,577,79,74,21,98,13,44,57,"3,420","1,417",478,412,92,154,5,148,"2,004",342,53,250,54,227,31,49,21,41,48,74,"1,193",193,24,37,147,49,18,41,0,302,59,54,72,"6,099","5,737",,
,Mayo,"1,735",740,279,67,148,68,60,388,191,54,607,80,85,19,48,23,56,66,"3,884","1,663",639,499,102,210,4,116,"2,221",394,90,264,54,226,35,46,31,46,51,89,"1,350",252,39,31,181,46,24,45,0,311,58,56,68,"6,969","6,563",,
,Junio,"1,554",603,234,57,102,61,50,439,216,73,512,64,80,24,14,28,49,63,"3,215","1,147",375,339,111,88,4,124,"2,069",321,98,266,56,205,33,44,28,34,51,76,"1,332",207,46,91,137,75,17,43,0,334,52,51,63,"6,102","5,734",,
,Julio,"1,623",624,232,65,109,57,40,463,224,96,536,66,82,15,35,24,50,63,"3,443","1,245",520,316,73,124,2,145,"2,197",356,92,282,60,221,31,37,52,36,50,78,"1,612",195,87,293,165,56,14,50,4,329,61,59,70,"6,678","6,282",,
,Agosto,"1,861",704,271,56,107,81,51,523,252,103,635,92,100,18,57,26,53,74,"3,601","1,190",407,301,125,167,4,94,"2,411",355,155,391,68,229,36,37,60,31,52,77,"2,080",250,108,598,161,46,17,52,1,383,82,57,70,"7,543","7,104",,
,Septiembre,"1,628",609,227,34,95,82,44,482,213,91,537,67,74,19,43,33,40,53,"3,291","1,361",532,376,88,88,3,108,"1,930",299,106,239,50,175,26,36,56,24,41,67,"1,555",277,48,284,146,36,16,44,1,305,62,41,68,"6,474","6,093",,
,Octubre,"2,015",848,246,73,169,120,58,541,238,74,626,92,97,35,38,24,52,62,"3,992","1,478",716,333,104,121,2,99,"2,514",372,124,354,53,254,33,44,89,59,62,85,"2,313",277,60,695,237,76,23,49,3,394,66,71,82,"8,320","7,864",,
,Noviembre,"1,631",660,256,65,105,53,47,401,170,70,570,94,73,29,27,38,47,53,"3,184","1,124",470,347,68,85,3,87,"2,060",322,77,211,51,198,27,27,65,46,52,64,"1,757",277,72,354,146,77,10,38,1,327,66,58,68,"6,572","6,198",,
,Diciembre,"1,637",631,301,45,65,27,38,477,218,104,529,74,75,28,38,15,40,54,"3,424","1,105",422,305,112,110,2,93,"2,319",301,45,240,68,318,30,33,28,25,60,74,"1,971",341,87,343,194,63,16,43,0,370,69,54,75,"7,032","6,631",,
2013,Enero,"1,740",659,298,55,116,35,43,508,248,121,574,73,76,29,50,31,53,51,"3,749","1,494",671,357,93,132,2,117,"2,255",356,80,224,64,269,31,35,62,71,56,75,"1,543",223,49,131,178,40,18,46,0,393,73,58,73,"7,033","6,630",,
,Febrero,"1,604",622,248,82,117,35,47,469,249,94,513,70,76,22,31,37,51,55,"3,216","1,260",684,208,93,41,1,125,"1,956",330,76,227,50,193,30,20,52,30,39,68,"1,319",180,42,158,137,47,17,37,1,308,57,63,65,"6,139","5,789",,
,Marzo,"1,679",624,258,76,112,31,50,446,252,76,609,74,81,22,73,35,58,66,"3,050","1,063",294,298,89,119,0,130,"1,986",353,56,224,63,190,31,31,51,45,48,60,"1,328",198,37,108,175,35,19,42,1,321,56,62,65,"6,057","5,689",,
,Abril,"1,669",772,330,73,146,72,49,309,160,45,589,90,86,31,21,24,56,74,"3,553","1,445",578,371,99,136,2,143,"2,107",355,87,252,59,227,32,40,19,35,49,66,"1,573",198,73,252,152,43,14,38,2,338,62,63,73,"6,795","6,406",,
,Mayo,"1,749",782,335,67,128,84,58,387,186,61,579,71,98,26,12,38,60,73,"3,750","1,484",801,274,123,78,5,123,"2,265",377,92,295,54,232,38,29,44,36,50,81,"1,573",197,52,233,172,61,21,40,3,364,63,51,67,"7,071","6,664",,
,Junio,"1,639",682,308,55,109,59,46,447,220,83,511,64,73,20,12,17,57,63,"3,136","1,151",447,363,95,74,1,121,"1,985",317,85,251,54,237,35,26,37,24,48,73,"1,338",181,59,130,93,63,24,39,4,341,51,49,68,"6,113","5,762",,
,Julio,"1,830",716,275,81,128,58,50,512,252,97,602,83,82,19,17,48,66,74,"3,398","1,210",488,313,94,74,3,121,"2,188",333,126,262,67,240,31,25,25,25,50,85,"1,730",243,70,261,172,112,17,48,5,363,63,58,78,"6,958","6,562",,
,Agosto,"1,952",718,298,53,135,62,45,575,268,118,658,108,85,25,29,48,56,69,"3,623","1,488",675,376,90,66,5,141,"2,134",324,127,243,55,252,40,28,54,37,52,80,"1,566",210,117,75,118,108,21,52,7,426,68,47,77,"7,141","6,725",,
,Septiembre,"1,770",661,247,40,134,59,51,531,249,89,578,77,74,25,36,26,54,63,"3,097","1,178",439,349,69,113,0,124,"1,919",284,92,215,45,213,29,24,77,21,45,69,"1,315",195,31,55,188,74,6,40,4,321,57,40,71,"6,183","5,825",,
,Octubre,"2,135",953,296,97,253,88,61,570,249,93,612,75,92,33,27,27,64,75,"3,509","1,147",534,265,89,50,0,123,"2,363",348,96,322,55,254,36,23,89,40,70,78,"1,462",236,38,25,107,92,16,47,6,361,79,69,75,"7,106","6,691",,
,Noviembre,"1,735",788,286,89,187,36,44,413,187,75,534,78,68,29,42,29,49,57,"3,229","1,009",452,208,83,61,1,102,"2,220",302,55,229,47,294,38,22,82,47,54,63,"1,423",190,49,54,101,68,14,40,13,353,87,65,75,"6,388","6,010",,
,Diciembre,"1,748",559,260,36,65,24,43,568,278,117,621,106,83,37,32,44,55,62,"3,280","1,178",572,288,70,57,0,88,"2,103",293,43,277,43,235,29,50,44,22,61,81,"1,253",123,59,67,77,94,11,48,6,334,55,46,76,"6,282","5,917",,
2014,Enero,"1,759",653,298,43,111,33,47,555,277,124,550,74,77,29,43,17,58,51,"3,465","1,268",555,345,81,115,0,106,"2,197",316,53,264,40,261,34,24,40,43,52,74,"1,229",166,48,26,86,79,12,47,3,339,56,43,71,"6,452","6,070",,
,Febrero,"1,689",559,234,62,73,45,50,577,314,114,553,75,72,28,36,45,54,67,"2,929","1,093",453,315,64,77,0,67,"1,836",276,60,213,49,163,29,26,48,38,45,75,"1,118",138,26,129,51,78,15,43,3,280,51,47,68,"5,736","5,399",,
,Marzo,"1,597",574,220,71,67,77,54,444,264,66,578,65,83,32,48,27,71,59,"3,102","1,264",483,367,82,138,1,83,"1,838",313,42,220,46,182,28,27,49,33,50,62,"1,301",167,42,155,81,121,15,35,10,297,57,49,70,"6,000","5,653",,
,Abril,"1,573",695,332,52,87,79,49,316,165,43,562,82,84,31,13,25,67,65,"3,419","1,510",817,357,92,90,0,88,"1,910",331,82,263,46,202,35,21,16,29,42,54,"1,204",183,23,36,72,65,18,39,11,329,56,46,73,"6,196","5,833",,
,Mayo,"1,609",636,289,52,84,66,54,403,193,60,570,76,87,32,21,36,66,58,"2,990","1,063",339,311,91,144,3,90,"1,927",318,94,247,40,186,33,31,26,37,45,78,"1,171",142,29,152,47,70,16,32,7,310,46,47,62,"5,769","5,423",,
,Junio,"1,561",564,228,43,118,41,43,481,241,96,517,69,82,24,14,41,50,58,"3,104","1,228",585,266,59,124,0,81,"1,876",303,84,203,47,205,32,17,8,30,43,69,"1,314",117,24,288,46,118,34,36,8,289,49,43,68,"5,979","5,672",,
,Julio,"1,663",577,216,47,122,36,48,515,257,90,570,76,93,27,3,41,71,63,"3,569","1,387",714,309,115,84,1,79,"2,182",343,102,270,48,199,31,43,73,28,51,82,"1,242",120,28,147,69,90,14,48,16,349,51,45,69,"6,474","6,106",,
,Agosto,"1,657",563,219,46,96,48,46,513,248,89,581,95,84,25,16,37,48,64,"3,132","1,161",473,367,71,87,0,80,"1,971",309,106,241,41,196,27,63,39,25,48,76,"1,193",120,37,103,52,145,14,36,27,328,52,40,61,"5,983","5,641",,
,Septiembre,"1,694",561,184,42,93,80,45,552,259,90,581,92,76,30,40,22,58,66,"2,979",969,396,265,69,68,0,67,"2,010",314,90,273,48,179,31,26,66,39,50,78,"1,123",138,27,115,39,83,26,37,16,319,38,39,70,"5,796","5,441",,
,Octubre,"1,736",653,178,62,159,74,47,491,215,72,592,91,81,29,34,28,58,69,"3,295","1,093",448,311,83,82,0,68,"2,202",323,126,246,46,221,27,47,88,49,57,77,"1,120",139,30,14,53,62,18,43,56,310,56,53,71,"6,151","5,772",,
,Noviembre,"1,551",614,181,58,171,50,40,408,176,70,529,79,71,31,52,27,55,53,"2,759",797,354,188,54,62,0,53,"1,962",297,63,301,41,195,24,25,73,27,55,74,"1,367",160,41,238,70,105,24,33,52,298,62,50,65,"5,677","5,343",,
,Diciembre,"1,600",578,264,31,78,23,39,490,222,115,533,90,80,32,26,21,64,54,"3,372",931,425,226,54,83,0,58,"2,441",338,47,250,51,328,29,19,49,43,52,75,"1,664",166,45,357,86,126,39,37,23,360,62,44,74,"6,636","6,241",,
2015,Enero,"1,465",544,204,39,119,34,44,468,244,95,453,64,71,25,28,19,50,44,"2,890",657,236,188,69,43,0,38,"2,232",318,45,281,42,261,34,24,73,36,50,65,"1,025",109,19,5,60,73,17,41,11,296,52,54,67,"5,379","5,034",,
,Febrero,"1,439",502,159,49,117,26,54,481,258,98,456,72,65,28,36,8,50,51,"2,340",617,208,197,44,104,0,28,"1,722",287,80,204,39,174,25,9,38,38,40,70,"1,020",145,18,56,61,65,24,36,40,242,50,79,74,"4,798","4,496",,
,Marzo,"1,624",571,185,47,137,43,61,509,294,80,544,80,84,33,24,20,69,59,"2,800",880,314,301,83,74,0,34,"1,921",306,70,285,49,192,26,18,28,33,49,73,"1,056",130,23,27,54,60,52,39,33,282,62,59,75,"5,481","5,130",,
,Abril,"1,361",629,246,43,166,44,43,248,132,31,484,64,77,28,30,15,57,66,"2,539",687,235,193,62,99,0,31,"1,852",315,67,282,44,193,28,7,18,34,45,56,"1,177",137,39,93,87,78,61,35,2,284,57,41,70,"5,077","4,746",,
,Mayo,"1,270",520,204,43,98,52,47,301,144,47,448,61,76,22,12,17,56,58,"2,393",703,235,235,63,85,0,27,"1,690",281,90,260,33,167,23,14,17,18,40,55,889,118,24,32,48,65,13,38,11,226,41,41,54,"4,552","4,261",,
,Junio,"1,368",510,190,56,106,34,43,364,185,70,494,80,83,16,1,28,66,58,"2,679",870,365,220,73,104,1,33,"1,809",310,80,235,51,199,30,11,8,22,43,62,988,99,24,13,54,83,14,40,11,287,52,64,71,"5,035","4,725",,
,Julio,"1,667",607,243,56,120,36,50,504,234,107,555,81,94,27,18,13,71,77,"2,801",675,259,189,53,75,0,36,"2,126",322,130,277,41,210,33,7,49,29,58,88,"1,191",120,38,61,78,94,16,53,4,318,53,58,72,"5,659","5,325",,
,Agosto,"1,617",571,213,39,111,46,47,530,244,109,516,91,75,24,14,20,62,67,"2,496",585,204,165,64,68,1,35,"1,911",297,127,221,45,193,28,9,61,21,52,78,"1,220",178,32,125,55,70,17,37,20,313,42,38,62,"5,333","5,024",,
,Septiembre,"1,579",522,162,45,83,69,46,533,252,82,523,88,82,25,18,15,66,60,"2,450",554,222,149,69,42,0,24,"1,896",276,111,254,48,193,40,7,58,23,51,77,"1,315",107,38,197,59,72,32,40,24,326,63,57,70,"5,343","5,040",,
,Octubre,"1,727",724,215,64,195,82,46,487,226,73,516,68,80,31,40,18,56,62,"2,507",550,166,192,49,41,0,35,"1,957",320,75,228,44,211,33,7,63,37,64,68,"1,227",140,36,112,61,117,9,38,16,324,58,59,69,"5,461","5,141",,
,Noviembre,"1,440",562,198,52,146,30,34,407,185,86,471,68,74,32,20,14,60,60,"2,290",559,245,139,54,47,0,28,"1,730",252,61,205,47,198,33,3,49,36,49,58,"1,085",120,43,7,71,126,10,39,3,295,56,48,65,"4,815","4,530",,
,Diciembre,"1,504",529,225,27,104,41,36,464,232,95,511,78,86,36,25,17,70,44,"2,341",555,186,182,64,18,0,29,"1,786",266,45,221,43,183,38,7,50,33,62,68,"1,542",104,37,428,44,100,19,44,1,333,79,47,77,"5,387","5,093",,
2016,Enero,"1,272",462,194,29,95,25,33,418,211,94,391,62,72,27,3,11,44,47,"2,114",484,184,117,59,46,0,24,"1,630",245,29,218,32,174,33,5,29,34,48,61,"1,147",99,18,163,48,125,11,37,32,284,51,38,66,"4,533","4,256",,
,Febrero,"1,353",483,166,57,112,29,42,445,243,91,425,78,66,22,8,11,56,53,"1,902",366,75,135,44,44,0,27,"1,535",245,51,190,34,169,37,7,35,29,39,54,"1,024",89,21,159,32,89,8,27,7,256,49,48,71,"4,279","4,022",,
,Marzo,"1,446",563,189,43,139,54,49,405,235,64,479,78,74,28,15,15,66,58,"2,317",600,217,177,75,59,0,26,"1,717",271,49,210,41,182,35,5,22,50,50,56,"1,264",190,18,236,61,84,11,34,4,261,44,43,72,"5,027","4,727",,
,Abril,"1,251",560,193,41,138,63,46,271,131,37,420,75,68,21,1,14,56,53,"2,138",493,178,119,69,63,0,23,"1,645",266,45,181,39,190,45,7,11,20,43,56,"1,187",129,19,174,49,152,13,32,7,271,58,40,60,"4,576","4,306",,
,Mayo,"1,414",589,217,48,135,55,46,357,178,61,468,70,82,19,2,20,66,63,"2,314",586,237,165,54,62,0,27,"1,727",273,50,195,39,198,41,5,44,20,47,66,"1,106",130,28,145,34,119,17,32,11,250,50,45,64,"4,834","4,556",,
,Junio,"1,394",515,176,42,123,35,44,422,204,89,457,71,69,23,14,14,60,52,"2,237",623,182,224,61,89,0,21,"1,614",251,62,189,34,200,30,12,38,20,43,66,942,135,21,26,37,102,12,32,6,240,47,57,64,"4,574","4,305",,
,Julio,"1,537",565,201,48,132,47,47,490,242,104,482,80,72,23,4,24,57,62,"2,383",598,179,164,63,99,0,28,"1,785",244,89,185,35,199,50,10,42,19,43,102,"1,066",117,28,38,37,172,16,38,5,275,50,49,65,"4,986","4,692",,
,Agosto,"1,702",611,240,45,114,56,39,522,250,105,569,111,89,29,16,18,61,73,"2,686",660,283,128,64,88,0,29,"2,026",288,97,231,35,214,41,17,88,48,49,80,"1,209",129,21,163,40,105,18,37,18,300,57,47,68,"5,597","5,267",,
,Septiembre,"1,662",588,200,34,124,71,44,524,246,91,550,95,73,22,30,16,71,66,"2,421",594,156,227,64,52,0,23,"1,827",270,98,212,35,186,30,18,40,29,48,75,965,127,47,11,46,39,12,36,2,295,50,46,68,"5,048","4,745",,
,Octubre,"1,663",685,221,61,155,79,45,468,214,67,509,69,75,29,51,14,54,56,"2,363",687,227,199,79,79,0,31,"1,676",251,59,191,35,182,31,15,58,50,49,61,"1,020",147,46,30,37,52,12,34,19,302,46,51,66,"5,046","4,751",,
,Noviembre,"1,687",694,234,57,195,47,41,462,215,92,531,95,84,32,35,16,54,62,"2,276",531,168,128,93,48,0,32,"1,745",249,42,211,35,206,30,11,44,50,53,62,"1,193",149,35,45,68,103,31,33,13,303,81,50,72,"5,156","4,856",,
,Diciembre,"1,675",572,240,27,105,35,43,558,270,124,545,117,83,32,5,16,70,56,"2,642",718,296,199,73,74,0,25,"1,924",252,40,214,34,234,44,9,41,22,55,78,"1,336",146,55,184,67,46,45,35,24,315,71,43,83,"5,653","5,337",,
2017,Enero,"1,572",576,225,39,140,30,44,492,245,111,503,83,83,24,26,14,64,55,"2,482",706,274,207,79,55,0,26,"1,776",277,37,216,34,205,33,9,55,32,47,71,"1,154",228,34,22,53,61,19,36,21,286,63,49,65,"5,208","4,909",,
,Febrero,"1,525",566,220,63,109,47,47,471,255,93,488,81,83,34,11,16,65,57,"2,287",694,260,170,97,87,0,31,"1,593",264,48,168,28,168,37,4,44,29,42,58,918,132,22,23,53,45,19,32,6,259,41,52,62,"4,730","4,464",,
,Marzo,"1,795",735,319,48,150,58,59,461,269,69,599,80,101,36,54,18,81,68,"2,637",794,250,214,86,115,0,51,"1,842",277,47,246,43,213,30,13,36,33,45,67,"1,136",180,39,16,63,72,11,36,21,297,52,43,70,"5,568","5,251",,
,Abril,"1,482",645,267,38,135,51,54,355,192,46,483,75,90,25,10,20,60,60,"2,258",617,237,152,69,74,0,25,"1,641",270,93,199,30,168,28,11,27,22,43,62,"1,037",180,34,24,52,56,14,29,45,250,41,38,53,"4,777","4,504",,
,Mayo,"1,670",663,274,46,137,57,50,461,241,81,546,104,105,33,4,20,74,61,"2,422",661,250,143,101,85,0,26,"1,761",305,56,239,36,187,29,17,32,26,49,67,"1,027",175,29,22,41,50,21,34,13,283,52,38,62,"5,118","4,822",,
,Junio,"1,782",615,216,40,151,48,55,589,297,122,578,106,96,23,15,28,76,63,"2,640",807,288,217,79,121,0,24,"1,833",283,85,224,42,201,26,5,39,27,51,77,"1,193",134,25,98,52,96,19,38,4,332,66,52,65,"5,615","5,292",,
,Julio,"1,761",658,251,49,144,56,49,551,267,116,553,97,104,24,4,25,75,66,"2,448",587,187,140,83,84,0,25,"1,860",274,86,217,41,192,30,10,57,24,49,77,"1,108",175,29,14,46,80,15,35,29,273,65,47,72,"5,317","5,006",,
,Agosto,"1,901",674,273,52,120,51,56,591,271,123,636,117,102,34,15,22,78,70,"2,794",841,256,255,112,111,0,25,"1,954",279,90,238,42,202,33,12,87,31,55,81,"1,217",167,40,28,42,87,17,38,6,348,76,51,69,"5,912","5,546",,
,Septiembre,"1,847",682,269,38,115,69,60,602,276,111,563,88,99,29,9,28,69,66,"2,410",636,211,173,86,57,0,20,"1,774",259,68,233,37,186,27,9,67,24,50,73,"1,095",158,29,19,41,36,19,39,6,326,69,40,60,"5,352","5,036",,
,Octubre,"1,873",763,262,55,170,73,52,542,253,93,568,81,97,27,19,24,73,67,"2,736",821,366,187,99,48,2,31,"1,915",309,56,222,44,207,30,17,53,48,64,72,"1,142",180,41,16,38,59,15,38,2,322,62,57,74,"5,752","5,421",,
,Noviembre,"1,958",761,318,52,178,46,46,550,243,120,647,112,97,33,58,27,78,60,"2,653",767,284,256,66,42,0,30,"1,886",291,53,247,46,211,30,9,74,25,59,71,"1,242",144,55,88,53,52,20,36,0,339,64,51,79,"5,853","5,520",,
,Diciembre,"1,811",662,301,33,113,42,47,561,269,125,588,110,91,38,41,23,58,54,"2,879",914,409,214,87,65,0,34,"1,965",293,49,217,48,226,32,30,49,27,60,72,"1,280",139,47,20,88,158,20,37,3,317,69,41,80,"5,969","5,641",,
2018,Enero,"1,846",687,292,43,143,31,53,589,294,129,570,92,96,26,1,25,88,60,"2,810",739,245,235,71,78,3,23,"2,071",316,33,257,43,236,33,16,62,46,59,73,"1,156",149,40,29,74,40,22,38,1,319,66,51,76,"5,812","5,485",,
,Febrero,"1,715",635,235,72,134,39,58,524,287,97,557,85,92,20,27,21,78,61,"2,673",827,252,256,104,81,1,26,"1,846",281,69,243,41,195,27,24,32,31,58,69,"1,000",114,22,9,39,62,18,40,2,278,73,60,68,"5,388","5,074",,
,Marzo,"1,987",780,334,43,150,66,67,583,337,93,624,103,110,36,22,21,87,72,"2,948",951,430,181,123,110,4,30,"1,997",322,49,245,47,212,29,23,63,37,61,73,"1,275",210,29,51,63,90,15,46,2,318,67,51,77,"6,210","5,864",,
,Abril,"1,648",716,305,38,142,60,61,320,165,48,613,112,98,30,22,22,79,71,"2,996",991,417,269,85,80,1,44,"2,006",340,63,264,47,224,34,14,33,35,58,63,"1,165",169,27,33,59,70,15,38,1,271,68,49,76,"5,809","5,488",,
,Mayo,"1,872",790,348,52,166,50,51,445,225,77,637,98,109,32,31,22,84,62,"3,143",997,358,324,82,109,2,29,"2,146",357,62,282,51,232,33,29,49,32,61,77,"1,384",229,40,22,79,115,17,39,0,339,86,52,82,"6,399","6,055",,
,Junio,"1,951",736,336,41,142,57,46,566,286,103,648,89,103,28,37,31,85,67,"3,225","1,098",332,330,121,149,0,32,"2,127",346,75,293,45,205,32,20,72,34,56,84,"1,141",194,33,23,54,51,14,39,1,290,71,51,72,"6,317","5,971",,
,Julio,"1,891",733,333,50,137,41,45,521,248,104,637,109,103,29,35,38,69,63,"2,930",890,308,238,96,82,0,32,"2,041",323,108,275,45,206,34,19,74,25,53,82,"1,269",227,22,22,90,50,12,39,1,329,67,68,77,"6,091","5,756",,
,Agosto,"2,209",791,349,45,123,70,53,681,323,130,737,149,115,44,3,25,99,82,"3,364","1,100",496,271,94,129,1,27,"2,264",353,90,328,53,224,40,16,47,36,77,92,"1,341",177,41,56,75,51,17,44,0,367,80,71,83,"6,914","6,537",,
,Septiembre,"1,909",743,349,36,106,61,51,576,280,98,591,88,89,33,19,30,65,66,"2,664",777,192,289,106,83,3,28,"1,887",316,100,252,44,178,26,4,60,20,63,71,"1,304",242,28,4,72,102,10,40,2,331,66,73,66,"5,878","5,545",,
,Octubre,"2,187",858,301,51,202,71,62,611,294,89,719,87,117,43,43,27,91,81,"3,497","1,119",460,315,114,101,15,32,"2,378",385,79,291,52,236,36,31,82,39,75,90,"1,596",251,55,14,134,102,13,44,3,424,75,103,88,"7,280","6,873",,
,Noviembre,"1,822",731,317,47,147,44,46,463,212,87,628,110,87,32,49,24,79,59,"2,749",880,301,260,120,52,20,26,"1,869",297,63,238,45,188,30,37,53,42,64,64,"1,276",200,75,38,84,72,25,39,3,293,65,60,78,"5,846","5,506",,
,Diciembre,"1,823",677,309,36,105,15,52,549,271,103,597,108,89,42,22,19,76,65,"3,417",867,440,192,57,66,23,30,"2,551",317,58,319,43,374,28,35,82,24,60,74,"1,428",190,70,48,114,75,15,43,6,320,60,49,96,"6,668","6,275",,
2019,Enero,"1,795",661,240,50,144,34,65,556,288,108,578,88,90,42,29,18,78,55,"2,894",668,239,183,66,58,27,26,"2,226",345,43,312,44,257,28,15,70,30,72,76,"1,314",158,88,26,91,82,18,45,9,340,54,56,76,"6,003","5,650",,
,Febrero,"1,748",646,232,61,134,50,71,559,303,107,543,79,89,39,4,19,83,55,"2,824",866,297,247,99,68,65,36,"1,957",298,64,290,37,183,28,29,95,36,54,71,"1,035",118,54,11,78,34,18,37,6,288,57,45,65,"5,607","5,270",,
,Marzo,"1,770",687,273,38,158,56,63,454,267,67,630,86,106,37,33,16,88,74,"2,929",932,358,286,73,56,52,39,"1,997",348,62,302,45,203,36,3,39,30,64,65,"1,162",157,32,14,85,54,20,45,30,298,62,42,80,"5,861","5,519",,
,Abril,"1,599",661,244,69,138,48,61,323,168,44,616,97,103,38,14,20,82,72,"2,783",916,348,271,100,87,18,31,"1,867",314,56,236,46,207,29,19,38,27,55,64,"1,285",156,25,132,86,58,19,41,15,306,74,63,83,"5,667","5,343",,
,Mayo,"1,754",644,248,54,115,58,63,450,236,66,661,119,101,41,10,15,96,66,"3,325","1,194",561,343,76,92,44,28,"2,131",346,90,320,53,215,31,15,57,27,56,75,"1,276",201,28,11,106,68,11,44,23,322,72,52,76,"6,356","5,999",,
,Junio,"1,570",547,225,40,97,38,50,456,220,98,567,103,83,33,4,25,87,62,"2,601",818,332,205,74,77,25,29,"1,783",311,55,246,44,167,33,33,37,23,53,69,"1,125",153,48,32,91,71,21,38,11,288,53,44,65,"5,296","4,989",,
,Julio,"1,783",646,263,51,136,33,47,497,236,98,640,124,94,31,7,21,98,67,"3,054",890,367,221,74,113,23,27,"2,164",329,94,313,51,215,35,18,81,29,50,82,"1,343",144,68,77,103,90,19,38,17,323,64,60,82,"6,179","5,821",,
,Agosto,"1,837",654,270,48,121,44,50,515,243,98,668,127,101,36,9,19,84,75,"3,030",854,274,315,65,81,32,34,"2,176",337,119,305,52,211,35,22,80,28,51,76,"1,252",137,51,46,81,87,16,43,9,349,58,47,82,"6,119","5,760",,
,Septiembre,"1,626",561,193,33,120,45,47,496,229,80,568,89,84,36,5,16,81,73,"2,687",822,399,176,92,48,36,21,"1,865",274,86,244,45,187,31,22,86,23,48,68,"1,265",199,39,80,94,77,17,38,9,333,57,39,72,"5,577","5,245",,
,Octubre,"1,679",655,222,42,170,41,48,432,197,62,592,95,92,29,12,13,77,68,"2,940",902,350,334,46,41,58,27,"2,038",295,80,262,85,237,37,47,57,26,57,68,"1,263",165,40,12,94,109,18,42,16,376,59,48,74,"5,882","5,541",,
,Noviembre,"1,585",562,208,49,144,19,39,432,199,81,591,103,90,26,11,15,90,68,"2,659",786,326,233,60,62,40,25,"1,873",292,52,244,41,208,29,19,62,43,54,64,"1,380",139,43,189,67,129,13,43,7,344,51,52,86,"5,623","5,286",,
,Diciembre,"1,488",456,193,24,95,11,39,449,215,94,583,107,88,42,25,12,70,54,"2,692",813,357,266,43,33,33,26,"1,879",268,44,221,49,209,29,37,71,35,53,64,"1,506",116,25,402,92,77,21,39,14,335,50,34,84,"5,685","5,354",,
2020,Enero,"1,563",537,193,30,162,11,36,464,243,96,563,99,92,23,16,13,81,51,"3,095","1,045",446,339,83,46,48,30,"2,050",290,47,277,48,234,35,30,63,43,49,61,"1,177",132,24,26,51,104,21,39,12,347,54,44,74,"5,834","5,445",,
,Febrero,"1,302",380,131,32,88,20,38,407,222,80,515,108,81,23,14,13,81,54,"2,322",691,299,139,79,64,41,25,"1,631",242,39,222,44,164,28,33,59,24,43,59,957,120,15,7,68,75,10,35,14,320,43,42,63,"4,581","4,258",,
,Marzo,"1,350",430,110,35,154,23,42,317,186,59,603,106,102,27,28,14,92,66,"2,426",709,204,290,33,49,48,29,"1,717",282,43,205,40,171,26,25,78,35,40,41,943,107,13,26,45,126,15,34,11,268,52,49,63,"4,718","4,395",,
,Abril,"1,065",353,89,51,75,43,46,216,113,33,497,66,107,21,7,14,88,59,"2,294",438,157,85,59,42,31,28,"1,855",360,62,196,44,158,25,26,63,36,46,101,"1,156",91,39,26,93,242,14,35,23,271,57,47,55,"4,515","4,184",,
,Mayo,936,292,77,50,53,26,35,196,92,26,447,58,95,18,10,15,83,50,"2,092",308,14,78,67,69,24,27,"1,783",278,69,209,46,149,32,24,57,36,41,144,"1,065",62,91,27,47,138,17,27,45,324,44,37,68,"4,093","3,777",,
,Junio,978,280,36,53,78,22,37,220,99,41,478,62,100,19,2,18,99,46,"2,185",408,70,128,70,80,11,17,"1,776",253,82,250,47,164,34,33,35,18,45,111,"1,060",56,97,14,67,145,9,35,60,246,61,45,95,"4,222","3,922",,
,Julio,"1,340",467,91,90,117,43,48,298,135,53,575,76,115,22,10,22,97,58,"2,510",576,105,234,82,74,9,23,"1,934",253,109,238,42,192,31,33,86,32,42,108,"1,221",81,56,9,65,239,14,34,42,279,56,79,93,"5,071","4,729",,
,Agosto,"1,353",467,86,67,142,37,48,313,160,51,573,105,127,19,0,19,97,58,"2,295",391,113,115,48,66,7,17,"1,904",239,101,193,51,198,32,27,92,27,41,73,"1,177",119,31,42,48,263,14,38,4,308,47,53,61,"4,825","4,526",,
,Septiembre,"1,474",503,68,60,182,53,52,371,192,57,600,119,109,21,0,19,97,69,"2,286",557,229,174,42,55,12,18,"1,729",234,83,175,51,184,29,20,79,27,44,64,"1,180",89,16,29,38,296,7,36,2,323,56,56,73,"4,940","4,626",,
,Octubre,"1,571",609,109,89,189,55,63,355,166,47,607,123,104,24,6,18,86,84,"2,458",562,211,171,32,59,22,22,"1,896",262,67,205,49,193,29,34,117,26,51,65,"1,161",112,33,6,51,206,11,35,1,304,67,66,80,"5,189","4,833",,
,Noviembre,"1,578",604,150,68,158,48,63,358,156,53,615,132,107,37,2,17,82,80,"2,326",458,215,90,55,28,16,23,"1,868",266,56,188,46,193,28,27,72,49,45,75,"1,159",101,17,34,44,188,13,40,1,287,82,67,79,"5,063","4,683",,
,Diciembre,"1,803",693,198,73,137,56,76,425,178,65,685,136,122,46,7,18,74,85,"3,001",672,256,237,41,62,20,28,"2,329",313,58,258,49,260,37,43,71,26,57,89,"1,351",147,24,9,69,210,12,42,1,338,61,70,93,"6,156","5,729",,
2021,Enero,"1,657",682,179,69,190,43,72,380,167,72,596,95,109,47,12,15,94,65,"2,869",642,313,141,55,38,14,25,"2,227",297,60,267,51,235,31,31,69,34,47,87,"1,232",191,15,36,68,120,14,38,1,293,60,102,70,"5,758","5,349",,
,Febrero,"1,827",719,243,70,156,38,77,459,205,81,648,111,113,35,31,17,80,89,"3,098",845,400,165,79,86,30,26,"2,254",316,58,261,57,214,34,36,94,28,47,109,"1,293",178,16,60,85,98,8,41,1,319,64,101,78,"6,218","5,745",,
,Marzo,"2,287",920,261,100,198,82,120,526,253,89,842,150,139,48,34,25,109,105,"3,616",989,330,332,80,112,1,49,"2,627",370,73,322,56,251,33,47,75,38,49,107,"1,546",165,24,46,85,202,15,52,1,368,81,109,97,"7,449","6,885",,
,Abril,"1,890",837,260,128,155,75,95,296,127,46,756,150,126,48,18,40,102,86,"3,212",835,253,197,106,121,3,53,"2,377",400,61,304,47,195,28,43,77,36,50,74,"1,391",229,27,13,70,167,12,36,1,306,72,93,103,"6,493","5,999",,
,Mayo,"2,113",917,296,105,169,75,109,429,185,63,767,134,144,38,0,28,122,91,"3,598",915,396,194,86,117,0,54,"2,684",416,90,352,77,241,37,69,82,35,46,97,"1,563",274,31,4,136,131,17,45,1,348,88,94,88,"7,274","6,714",,
,Junio,"2,012",783,253,105,125,59,83,475,216,68,755,136,127,37,12,31,109,95,"3,587",979,431,202,77,160,0,37,"2,608",422,110,356,61,225,37,48,70,26,52,87,"1,379",251,17,4,92,101,15,47,1,348,74,81,86,"6,978","6,411",,
,Julio,"2,471",985,322,123,190,58,102,581,239,107,905,177,142,36,27,48,119,106,"4,085","1,116",344,331,132,136,2,50,"2,969",482,115,396,57,272,41,45,102,30,60,108,"1,660",222,26,168,102,101,20,46,1,388,84,115,90,"8,216","7,497",,
,Agosto,"2,577","1,011",254,126,189,109,113,640,276,103,926,212,150,46,22,44,93,112,"4,424","1,255",420,328,98,235,16,47,"3,168",459,195,401,73,288,41,70,113,45,63,107,"1,659",247,24,13,100,122,15,57,1,480,86,103,91,"8,659","7,857",,
,Septiembre,"2,444","1,002",299,105,172,120,103,545,239,88,897,193,141,48,26,38,95,114,"4,103","1,367",458,361,154,218,27,39,"2,737",382,147,378,57,241,41,54,107,35,58,84,"1,536",219,22,18,99,115,20,48,1,423,83,77,94,"8,083","7,338",,
,Octubre,"2,841","1,106",324,109,193,113,127,718,318,99,"1,017",179,151,52,108,37,96,126,"4,484","1,262",358,376,161,87,40,93,"3,222",448,111,561,60,272,46,55,120,58,73,127,"1,801",244,17,49,104,191,20,57,0,478,84,88,99,"9,126","8,250",,
,Noviembre,"2,648","1,024",317,89,200,68,110,638,280,71,986,163,152,59,106,37,109,97,"4,088","1,158",260,414,147,62,56,70,"2,930",449,76,426,51,245,41,49,111,43,75,101,"1,779",312,32,14,86,280,15,49,1,392,84,75,97,"8,516","7,663",,
,Diciembre,"2,847","1,065",307,93,204,60,135,774,344,103,"1,007",167,158,68,106,26,112,104,"4,910","1,235",349,334,177,127,51,54,"3,675",500,144,592,74,353,44,70,116,62,91,133,"1,866",244,25,30,117,230,16,62,0,483,75,71,111,"9,623","8,592",,
2022,Enero,"2,440",877,247,95,193,36,131,731,333,125,832,118,121,66,53,31,106,81,"4,554","1,351",524,406,96,49,59,69,"3,204",499,85,509,48,308,40,42,84,62,89,120,"1,491",166,21,16,70,143,12,55,2,434,90,68,93,"8,484","7,552",,
,Febrero,"2,474",881,269,92,174,46,118,768,373,136,824,121,119,42,76,30,100,94,"4,317","1,390",458,447,126,87,61,56,"2,927",529,73,377,60,242,34,59,84,33,76,110,"1,527",285,32,13,100,103,18,52,1,401,90,68,87,"8,318","7,448",,
,Marzo,"2,854",988,348,117,212,37,114,832,469,133,"1,034",154,151,55,113,44,115,104,"4,692","1,515",420,562,151,97,57,41,"3,177",566,82,426,77,268,42,30,85,57,91,102,"1,671",248,62,18,92,137,28,55,0,412,102,81,96,"9,217","8,300",,
,Abril,"2,407",881,317,97,194,38,97,553,281,85,974,155,133,54,104,44,112,108,"4,579","1,541",508,489,189,89,9,56,"3,038",552,174,366,67,263,32,44,94,52,97,89,"1,593",213,36,10,105,175,28,46,1,361,100,84,88,"8,580","7,800",,
,Mayo,"2,504",864,327,89,178,47,74,532,274,79,"1,107",175,150,49,112,50,142,100,"5,094","1,925",292,875,143,212,57,89,"3,170",543,184,413,76,267,39,26,145,33,125,100,"1,748",295,49,86,102,161,27,55,1,373,94,75,87,"9,347","8,488",,
,Junio,"2,444",819,458,51,81,46,56,595,319,92,"1,030",133,135,42,160,47,105,96,"5,276","2,202",492,747,382,198,46,126,"3,074",519,133,349,98,262,37,28,146,40,130,87,"1,669",284,37,2,130,104,19,52,1,410,80,78,96,"9,389","8,549",,
,Julio,"2,446",733,329,49,124,31,59,688,346,129,"1,025",106,114,39,219,56,103,87,"4,844","1,971",436,737,306,131,58,47,"2,873",516,193,266,72,274,36,43,89,33,115,100,"1,464",279,37,3,69,106,19,49,1,375,64,76,81,"8,754","7,938",,
,Agosto,"2,669",796,382,53,138,25,65,775,387,152,"1,098",169,130,44,151,44,114,96,"5,436","2,088",335,827,281,215,105,84,"3,347",598,192,454,89,279,42,55,138,51,109,104,"1,866",313,82,25,138,221,27,50,1,434,62,51,91,"9,971","9,016",,
,Septiembre,"2,102",624,274,47,119,18,39,640,318,121,838,145,125,37,42,41,94,92,"4,927","1,860",607,473,309,67,155,62,"3,068",461,207,402,88,272,34,45,116,60,100,91,"1,760",249,77,14,118,260,19,51,1,411,84,55,93,"8,790","7,998",,
,Octubre,"2,052",732,381,35,127,24,23,479,238,82,841,117,107,34,161,27,82,68,"4,029","1,430",295,587,90,92,112,38,"2,599",402,112,285,84,228,31,106,153,59,79,68,"1,628",299,111,11,93,215,21,44,1,337,61,60,81,"7,710","7,011",,
,Noviembre,"2,123",681,297,47,172,17,30,518,264,92,923,154,113,31,143,23,97,68,"4,529","1,766",476,788,80,51,122,39,"2,763",457,134,296,87,231,33,71,117,55,75,85,"1,631",256,93,37,86,188,14,48,1,350,89,57,99,"8,283","7,607",,
,Diciembre,"1,972",606,308,34,63,19,32,542,267,104,824,152,116,41,103,39,77,76,"4,093","1,247",324,365,135,54,113,56,"2,846",422,65,288,88,290,38,61,124,67,65,94,"1,705",281,69,29,106,173,16,50,1,395,90,68,101,"7,770","7,119",,
2023,Enero,"1,748",610,240,34,174,10,43,454,240,97,683,114,101,24,55,14,102,71,"3,751","1,361",518,389,102,69,100,43,"2,389",375,74,216,69,270,32,72,68,52,63,72,"1,343",232,73,10,83,116,16,41,0,328,81,49,81,"6,842","6,291",,
,Febrero,"1,778",581,238,63,126,17,46,473,263,82,724,114,98,18,62,25,120,83,"3,603","1,260",277,480,76,83,110,59,"2,343",387,103,220,72,236,30,33,118,32,49,65,"1,480",221,59,116,103,99,15,48,1,339,81,55,81,"6,861","6,338",,
,Marzo,"1,701",515,146,47,163,27,47,413,254,57,773,117,112,21,36,21,126,94,"4,372","1,829",666,557,164,128,107,62,"2,543",423,70,269,89,263,36,56,133,50,54,59,"1,345",140,28,54,71,167,23,53,2,334,80,66,94,"7,418","6,876",,
,Abril,"1,760",615,218,65,149,37,53,363,205,51,782,113,114,19,80,32,119,83,"3,604","1,213",326,416,136,79,53,59,"2,391",363,72,342,74,287,31,52,83,53,48,60,"1,572",263,18,3,175,188,15,47,1,375,72,71,84,"6,936","6,441",,
,Mayo,"1,875",574,203,62,132,34,51,443,233,67,858,153,125,25,71,31,132,91,"4,101","1,412",432,315,152,170,106,74,"2,689",407,85,319,86,275,40,86,73,46,56,80,"1,525",164,26,13,95,275,16,54,3,371,85,73,96,"7,502","6,945",,
,Junio,"1,781",487,191,47,79,27,46,452,238,77,842,139,123,22,79,31,125,94,"3,576","1,161",367,324,104,100,59,43,"2,414",368,105,279,82,265,36,36,58,45,54,71,"1,467",177,52,49,133,203,27,55,1,328,68,57,97,"6,824","6,344",,
,Julio,"1,831",547,207,57,107,32,51,479,224,110,804,157,124,20,32,24,117,89,"3,824","1,266",449,337,121,127,40,66,"2,558",393,90,293,81,320,40,45,86,54,57,71,"1,449",151,57,2,155,154,23,63,1,380,72,70,101,"7,103","6,603",,
,Agosto,"2,182",659,234,64,151,39,58,570,273,105,953,175,142,28,74,28,124,118,"4,162","1,337",490,400,103,87,50,54,"2,825",425,118,342,81,353,43,68,93,50,56,80,"1,592",199,91,14,136,165,20,61,2,427,80,55,109,"7,935","7,422",,
,Septiembre,"1,796",560,207,38,131,32,53,478,237,76,757,95,114,26,52,26,96,103,"3,636","1,237",315,471,64,73,91,73,"2,400",358,105,321,77,235,34,40,90,60,51,66,"1,394",178,34,2,138,115,30,68,3,401,62,57,91,"6,826","6,341",,
,Octubre,"1,916",621,208,46,155,39,52,510,244,73,785,95,134,29,23,20,107,99,"4,240","1,638",584,654,83,49,94,40,"2,602",400,111,295,85,284,36,75,98,72,62,76,"1,469",240,37,9,97,138,26,57,1,421,66,56,91,"7,625","7,097",,
,Noviembre,"1,882",630,217,53,180,24,46,460,216,78,792,164,119,33,34,25,98,91,"3,640","1,302",515,394,49,47,80,70,"2,338",354,53,273,86,276,33,54,68,55,53,74,"1,324",218,35,38,44,108,24,45,0,360,86,56,95,"6,846","6,399",,
,Diciembre,"1,738",550,200,30,139,15,49,468,230,99,720,142,107,31,33,23,97,79,"3,537",982,297,330,59,40,74,51,"2,555",370,72,292,72,326,36,47,85,65,53,61,"1,315",181,103,2,75,56,20,53,0,380,77,49,95,"6,590","6,137",,
2024,Enero,"1,840",607,211,56,171,9,58,489,253,94,744,114,118,23,45,25,130,71,"3,842","1,264",482,373,67,32,68,49,"2,579",407,62,271,66,304,33,67,95,54,49,62,"1,307",148,41,26,100,57,15,52,3,388,83,73,86,"6,990","6,516",,
,Febrero,"1,769",535,150,55,169,25,54,478,252,92,756,122,109,21,65,26,94,72,"3,635","1,466",405,631,57,79,75,75,"2,169",346,62,193,63,233,31,53,63,37,50,65,"1,048",147,28,3,31,69,16,48,1,292,73,65,85,"6,452","6,001",,
,Marzo,"1,815",550,171,47,165,28,59,473,257,87,792,122,116,20,70,22,139,90,"3,449","1,152",419,292,57,54,71,79,"2,297",365,78,252,70,252,29,54,70,39,46,55,"1,290",157,25,34,93,150,13,57,0,369,83,47,85,"6,554","6,110",,
,Abril,"1,892",657,238,65,168,31,56,370,208,55,865,142,125,20,67,37,114,100,"3,765","1,339",266,564,90,60,60,97,"2,426",431,64,238,65,304,37,58,53,41,48,58,"1,396",192,23,15,102,179,17,47,4,350,66,57,88,"7,053","6,556",,
,Mayo,"1,771",580,164,96,145,29,57,383,195,58,808,157,123,22,28,34,127,97,"3,803","1,326",596,289,88,97,63,47,"2,478",379,88,294,71,281,32,69,52,36,49,64,"1,335",228,28,1,58,153,18,46,1,366,62,70,88,"6,909","6,452",,
,Junio,"1,665",506,205,42,88,24,52,464,230,84,695,124,114,16,0,37,109,92,"3,213","1,023",381,252,93,75,60,33,"2,190",326,98,232,64,245,36,56,69,27,47,70,"1,273",176,29,1,75,130,15,50,3,353,61,96,87,"6,151","5,707",,
,Julio,"2,017",598,206,46,133,33,61,524,249,102,895,143,144,26,54,38,128,106,"4,212","1,423",513,417,93,120,62,63,"2,789",417,177,325,70,263,36,74,90,45,67,78,"1,452",206,32,44,68,93,19,62,0,391,65,123,103,"7,681","7,081",,
,Agosto,"2,012",585,189,49,120,42,63,556,264,111,871,158,138,26,44,28,127,103,"3,966","1,194",544,329,38,47,55,42,"2,772",411,102,351,68,363,37,67,77,44,62,74,"1,417",163,33,9,137,86,16,57,1,442,79,74,93,"7,395","6,824",,
,Septiembre,"1,898",622,221,44,160,25,53,529,257,89,747,127,138,28,9,32,89,95,"3,230",901,298,290,49,38,65,30,"2,329",344,89,262,62,252,32,58,83,36,62,68,"1,434",165,37,51,129,52,20,46,1,451,78,83,85,"6,561","6,048",,
,Octubre,"2,072",693,219,41,185,46,55,536,245,90,842,139,154,27,20,34,115,96,"4,045","1,193",458,388,42,80,66,37,"2,851",434,113,324,63,366,36,87,103,73,73,74,"1,610",254,68,1,142,58,16,50,0,439,89,143,111,"7,726","7,139",,
,Noviembre,"1,971",599,200,51,145,24,51,539,259,83,833,148,138,27,23,17,131,93,"3,725","1,025",369,414,25,7,59,34,"2,700",375,83,362,64,365,41,64,81,58,62,80,"1,401",199,45,32,113,63,18,47,1,370,81,83,98,"7,097","6,559",,
,Diciembre,"2,010",631,216,50,144,27,52,541,259,107,837,186,127,31,16,26,128,94,"3,930",987,398,291,59,39,50,32,"2,944",436,52,373,76,409,39,94,84,59,58,71,"1,645",295,48,12,151,86,33,51,1,416,75,81,116,"7,585","7,032",,
2025,Enero,"2,076",667,212,56,211,20,68,570,268,123,840,138,130,28,68,24,112,88,"3,999","1,218",335,501,34,82,72,37,"2,781",419,68,327,78,337,33,88,67,40,57,78,"1,537",212,33,17,190,121,18,59,0,386,75,64,91,"7,612","7,054",,
,,,,,,,,,,,,,,,,,,,,,,,,,,,,,,,,,,,,,,,,,,,,,,,,,,,,,,,,
,,,,,,,,,,,,,,,,,,,,,,,,,,,,,,,,,,,,,,,,,,,,,,,,,,,,,,,,
,,,,,,,,,,,,,,,,,,,,,,,,,,,,,,,,,,,,,,,,,,,,,,,,,,,,,,,,
,,,,,,,,,,,,,,,,,,,,,,,,,,,,,,,,,,,,,,,,,,,,,,,,,,,,,,,,
"(1) Se define como ""Durables"" aquellos bienes que pueden utilizarse para el consumo durante un período superior a un año y tengan un valor relativamente alto, así como los que pueden utilizarse durante tres años o más.",,,,,,,,,,,,,,,,,,,,,,,,,,,,,,,,,,,,,,,,,,,,,,,,,,,,,,,,
"(2) Se define como ""Semidurables"" aquellos bienes que pueden utilizarse para el consumo por más de un año pero menos de tres, y que no tengan un valor relativamente alto.",,,,,,,,,,,,,,,,,,,,,,,,,,,,,,,,,,,,,,,,,,,,,,,,,,,,,,,,
,,,,,,,,,,,,,,,,,,,,,,,,,,,,,,,,,,,,,,,,,,,,,,,,,,,,,,,,
,,,,,,,,,,,,,,,,,,,,,,,,,,,,,,,,,,,,,,,,,,,,,,,,,,,,,,,,
,,,,,,,,,,,,,,,,,,,,,,,,,,,,,,,,,,,,,,,,,,,,,,,,,,,,,,,,
,,,,,,,,,,,,,,,,,,,,,,,,,,,,,,,,,,,,,,,,,,,,,,,,,,,,,,,,
,,,,,,,,,,,,,,,,,,,,,,,,,,,,,,,,,,,,,,,,,,,,,,,,,,,,,,,,
,,,,,,,,,,,,,,,,,,,,,,,,,,,,,,,,,,,,,,,,,,,,,,,,,,,,,,,,
,,,,,,,,,,,,,,,,,,,,,,,,,,,,,,,,,,,,,,,,,,,,,,,,,,,,,,,,
,,,,,,,,,,,,,,,,,,,,,,,,,,,,,,,,,,,,,,,,,,,,,,,,,,,,,,,,
,,,,,,,,,,,,,,,,,,,,,,,,,,,,,,,,,,,,,,,,,,,,,,,,,,,,,,,,
,,,,,,,,,,,,,,,,,,,,,,,,,,,,,,,,,,,,,,,,,,,,,,,,,,,,,,,,
,,,,,,,,,,,,,,,,,,,,,,,,,,,,,,,,,,,,,,,,,,,,,,,,,,,,,,,,
,,,,,,,,,,,,,,,,,,,,,,,,,,,,,,,,,,,,,,,,,,,,,,,,,,,,,,,,
,,,,,,,,,,,,,,,,,,,,,,,,,,,,,,,,,,,,,,,,,,,,,,,,,,,,,,,,
,,,,,,,,,,,,,,,,,,,,,,,,,,,,,,,,,,,,,,,,,,,,,,,,,,,,,,,,
,,,,,,,,,,,,,,,,,,,,,,,,,,,,,,,,,,,,,,,,,,,,,,,,,,,,,,,,
,,,,,,,,,,,,,,,,,,,,,,,,,,,,,,,,,,,,,,,,,,,,,,,,,,,,,,,,
,,,,,,,,,,,,,,,,,,,,,,,,,,,,,,,,,,,,,,,,,,,,,,,,,,,,,,,,
,,,,,,,,,,,,,,,,,,,,,,,,,,,,,,,,,,,,,,,,,,,,,,,,,,,,,,,,
,,,,,,,,,,,,,,,,,,,,,,,,,,,,,,,,,,,,,,,,,,,,,,,,,,,,,,,,
,,,,,,,,,,,,,,,,,,,,,,,,,,,,,,,,,,,,,,,,,,,,,,,,,,,,,,,,
,,,,,,,,,,,,,,,,,,,,,,,,,,,,,,,,,,,,,,,,,,,,,,,,,,,,,,,,
,,,,,,,,,,,,,,,,,,,,,,,,,,,,,,,,,,,,,,,,,,,,,,,,,,,,,,,,
,,,,,,,,,,,,,,,,,,,,,,,,,,,,,,,,,,,,,,,,,,,,,,,,,,,,,,,,
,,,,,,,,,,,,,,,,,,,,,,,,,,,,,,,,,,,,,,,,,,,,,,,,,,,,,,,,
,,,,,,,,,,,,,,,,,,,,,,,,,,,,,,,,,,,,,,,,,,,,,,,,,,,,,,,,
,,,,,,,,,,,,,,,,,,,,,,,,,,,,,,,,,,,,,,,,,,,,,,,,,,,,,,,,
,,,,,,,,,,,,,,,,,,,,,,,,,,,,,,,,,,,,,,,,,,,,,,,,,,,,,,,,
,,,,,,,,,,,,,,,,,,,,,,,,,,,,,,,,,,,,,,,,,,,,,,,,,,,,,,,,
,,,,,,,,,,,,,,,,,,,,,,,,,,,,,,,,,,,,,,,,,,,,,,,,,,,,,,,,
,,,,,,,,,,,,,,,,,,,,,,,,,,,,,,,,,,,,,,,,,,,,,,,,,,,,,,,,
,,,,,,,,,,,,,,,,,,,,,,,,,,,,,,,,,,,,,,,,,,,,,,,,,,,,,,,,
,,,,,,,,,,,,,,,,,,,,,,,,,,,,,,,,,,,,,,,,,,,,,,,,,,,,,,,,
,,,,,,,,,,,,,,,,,,,,,,,,,,,,,,,,,,,,,,,,,,,,,,,,,,,,,,,,
,,,,,,,,,,,,,,,,,,,,,,,,,,,,,,,,,,,,,,,,,,,,,,,,,,,,,,,,
,,,,,,,,,,,,,,,,,,,,,,,,,,,,,,,,,,,,,,,,,,,,,,,,,,,,,,,,
,,,,,,,,,,,,,,,,,,,,,,,,,,,,,,,,,,,,,,,,,,,,,,,,,,,,,,,,
,,,,,,,,,,,,,,,,,,,,,,,,,,,,,,,,,,,,,,,,,,,,,,,,,,,,,,,,
,,,,,,,,,,,,,,,,,,,,,,,,,,,,,,,,,,,,,,,,,,,,,,,,,,,,,,,,
,,,,,,,,,,,,,,,,,,,,,,,,,,,,,,,,,,,,,,,,,,,,,,,,,,,,,,,,
,,,,,,,,,,,,,,,,,,,,,,,,,,,,,,,,,,,,,,,,,,,,,,,,,,,,,,,,
,,,,,,,,,,,,,,,,,,,,,,,,,,,,,,,,,,,,,,,,,,,,,,,,,,,,,,,,
,,,,,,,,,,,,,,,,,,,,,,,,,,,,,,,,,,,,,,,,,,,,,,,,,,,,,,,,
,,,,,,,,,,,,,,,,,,,,,,,,,,,,,,,,,,,,,,,,,,,,,,,,,,,,,,,,
,,,,,,,,,,,,,,,,,,,,,,,,,,,,,,,,,,,,,,,,,,,,,,,,,,,,,,,,
,,,,,,,,,,,,,,,,,,,,,,,,,,,,,,,,,,,,,,,,,,,,,,,,,,,,,,,,
,,,,,,,,,,,,,,,,,,,,,,,,,,,,,,,,,,,,,,,,,,,,,,,,,,,,,,,,
,,,,,,,,,,,,,,,,,,,,,,,,,,,,,,,,,,,,,,,,,,,,,,,,,,,,,,,,
,,,,,,,,,,,,,,,,,,,,,,,,,,,,,,,,,,,,,,,,,,,,,,,,,,,,,,,,
,,,,,,,,,,,,,,,,,,,,,,,,,,,,,,,,,,,,,,,,,,,,,,,,,,,,,,,,
,,,,,,,,,,,,,,,,,,,,,,,,,,,,,,,,,,,,,,,,,,,,,,,,,,,,,,,,
,,,,,,,,,,,,,,,,,,,,,,,,,,,,,,,,,,,,,,,,,,,,,,,,,,,,,,,,
,,,,,,,,,,,,,,,,,,,,,,,,,,,,,,,,,,,,,,,,,,,,,,,,,,,,,,,,
