Cuadro 4;;;;;;;;;;;;;;;;;;;;;;;;;;;;;;;;
ÍNDICE DE ACTIVIDAD DEL COMERCIO ;;;;;;;;;;;;;;;;;;;;;;;;;;;;;;;;
CIFRAS A PRECIOS CONSTANTES POR CLASE CIIU4.CL 2012;;;;;;;;;;;;;;;;;;;;;;;;;;;;;;;;
BASE PROMEDIO AÑO 2014 = 100;;;;;;;;;;;;;;;;;;;;;;;;;;;;;;;;
Octubre 2023;;;;;;;;;;;;;;;;;;;;;;;;;;;;;;;;
;;;;;;;;;;;;;;;;;;;;;;;;;;;;;;;;
;Mes y año;Índice general/Ref/P/R;Clase 4510;Clase 4530;Clase 4620;Clase 4630;Clase 4641;Clase 4649;Clase 4650;Clase 4661;Clase 4663;Clase 4669;Clase 4690;Clase 4711;Clase 4719;Clase 4720;Clase 4730;Clase 4740;Clase 4752;Clase 4759;Clase 4760;Clase 4771;Clase 4772;Clase 4773;;;;;;;;
;ene-14;93,83;99,89;103,84;97,30;85,23;92,43;95,07;92,85;101,05;102,03;80,47;102,08;93,19;88,65;94,59;105,51;83,28;107,91;86,45;93,26;82,74;95,45;92,96;;;;;;;;
;feb-14;89,71;83,87;99,03;89,97;90,60;93,01;87,32;87,60;92,78;91,60;81,36;91,01;92,19;88,51;92,53;105,86;78,57;98,93;82,99;108,93;92,58;85,29;87,67;;;;;;;;
;mar-14;103,02;103,17;101,90;115,87;115,41;111,98;99,95;102,41;99,86;105,08;94,61;102,59;103,91;98,86;102,46;103,77;95,77;107,70;100,52;133,07;97,15;100,73;95,33;;;;;;;;
;abr-14;97,58;91,15;102,81;98,02;109,28;96,40;100,77;96,46;98,28;105,01;99,25;100,98;96,39;91,74;98,57;102,39;86,96;103,39;91,91;87,87;94,01;94,87;95,32;;;;;;;;
;may-14;98,18;95,44;96,89;103,83;100,51;94,51;99,31;90,91;99,22;101,34;91,37;93,78;99,67;105,85;101,30;96,57;93,12;99,18;102,96;88,45;101,89;99,16;103,55;;;;;;;;
;jun-14;93,81;84,31;96,82;93,68;91,68;78,03;91,22;99,47;100,32;91,60;88,22;89,28;96,83;96,85;93,89;96,37;83,24;88,35;96,43;85,98;88,75;96,90;100,40;;;;;;;;
;jul-14;94,87;87,66;102,27;103,19;90,70;93,51;95,51;91,64;105,79;97,96;97,66;100,08;94,11;91,19;95,27;94,91;91,08;95,62;90,25;88,08;93,01;101,91;107,94;;;;;;;;
;ago-14;97,12;99,54;96,12;101,54;93,63;104,55;94,02;90,53;99,91;95,92;113,23;94,71;103,71;92,62;100,90;103,25;101,30;94,24;98,40;91,68;90,83;99,50;101,66;;;;;;;;
;sep-14;99,26;121,48;93,65;116,67;96,23;103,95;102,90;103,72;91,78;90,56;120,62;97,71;98,05;80,42;105,36;96,39;89,71;88,32;89,47;81,86;88,85;97,54;96,08;;;;;;;;
;oct-14;102,88;99,69;102,28;98,42;90,28;118,22;117,76;106,27;99,30;109,67;121,48;101,88;100,86;94,85;97,83;100,76;99,34;106,57;95,05;95,51;96,68;110,00;100,26;;;;;;;;
;nov-14;101,36;98,52;99,40;88,14;94,48;99,94;115,44;103,01;100,63;104,49;107,16;106,18;99,73;102,56;94,40;93,06;128,11;102,53;101,77;100,07;99,79;97,86;97,71;;;;;;;;
;dic-14;128,38;135,28;105,00;93,37;141,96;113,48;100,74;135,12;111,07;104,74;104,58;119,71;121,37;167,91;122,89;101,16;169,54;107,25;163,80;145,24;173,72;120,80;121,13;;;;;;;;
;ene-15;96,88;78,99;104,01;84,26;97,03;111,20;97,80;91,95;117,67;103,83;93,00;99,95;97,81;97,82;95,17;103,22;111,56;110,63;95,20;95,91;105,00;101,90;91,60;;;;;;;;
;feb-15;91,91;70,00;92,99;75,23;95,23;106,34;88,63;87,56;105,05;95,80;91,75;94,27;95,11;95,93;92,57;101,36;99,24;101,20;88,40;112,86;113,77;91,27;85,84;;;;;;;;
;mar-15;106,10;95,85;101,99;86,86;121,14;128,42;110,27;108,87;101,48;111,08;95,32;110,49;104,59;98,75;102,92;106,44;124,48;109,10;102,62;132,70;111,99;105,00;93,58;;;;;;;;
;abr-15;100,57;95,38;101,58;90,76;100,36;124,55;107,85;95,62;104,45;114,25;104,75;109,04;97,92;97,31;99,42;100,67;111,68;108,13;93,94;94,46;106,03;101,66;91,75;;;;;;;;
;may-15;98,30;87,00;97,73;72,93;91,58;95,04;100,09;90,96;106,12;103,41;94,48;100,50;103,17;111,09;100,49;95,74;104,32;98,14;97,68;86,51;120,78;99,76;97,25;;;;;;;;
;jun-15;98,56;89,88;99,47;79,80;91,98;88,74;103,53;105,10;103,36;102,95;92,52;100,12;97,76;98,03;97,65;93,61;113,82;98,43;93,53;82,24;105,88;99,98;99,92;;;;;;;;
;jul-15;99,03;88,82;102,31;87,84;92,24;119,86;103,53;95,84;105,77;109,39;110,18;113,58;97,18;94,24;97,79;97,84;123,35;97,43;93,38;86,57;106,80;101,95;102,67;;;;;;;;
;ago-15;100,55;99,37;101,60;84,87;91,25;116,32;103,46;96,42;109,54;103,41;125,12;110,02;102,81;95,88;97,74;86,88;127,41;94,59;97,11;88,09;102,59;101,32;101,89;;;;;;;;
;sep-15;101,89;125,63;105,46;92,49;91,53;121,67;108,44;96,61;111,38;100,82;127,82;108,20;97,61;85,57;102,85;89,82;118,53;93,73;92,74;85,15;99,31;100,56;97,69;;;;;;;;
;oct-15;105,16;95,54;106,28;83,26;91,80;124,43;124,91;108,45;115,68;109,13;129,95;118,44;102,44;96,57;97,73;97,31;127,12;104,33;96,53;94,24;101,02;106,25;100,56;;;;;;;;
;nov-15;107,34;107,42;105,50;69,13;96,72;116,53;127,90;108,85;119,74;106,02;113,46;117,45;101,03;106,93;95,21;95,60;166,58;107,44;104,93;103,08;110,50;102,20;99,80;;;;;;;;
;dic-15;130,54;125,48;105,47;87,73;140,15;130,94;107,90;133,49;120,96;113,44;104,92;133,90;124,05;173,53;123,79;99,97;202,96;108,95;162,54;143,90;190,15;121,07;120,61;;;;;;;;
;ene-16;99,58;86,88;107,40;73,15;97,42;130,28;104,83;93,11;123,23;100,95;89,53;109,55;98,70;102,50;94,08;97,80;144,60;109,34;92,76;94,08;108,70;100,83;93,23;;;;;;;;
;feb-16;97,99;84,35;99,30;74,16;98,06;118,32;97,62;87,38;125,08;110,69;84,32;103,77;99,82;103,84;95,34;100,15;127,74;107,82;95,74;120,62;119,93;94,72;87,73;;;;;;;;
;mar-16;109,41;99,85;110,65;70,04;121,88;141,22;119,13;109,95;125,71;119,29;97,12;122,84;104,75;98,99;101,68;97,80;162,34;109,85;99,87;131,00;112,86;104,85;94,31;;;;;;;;
;abr-16;104,45;96,07;102,41;78,99;110,52;130,63;115,04;95,65;116,80;112,55;90,55;115,05;100,90;105,14;100,52;90,35;140,47;107,75;97,20;94,90;130,56;103,24;97,50;;;;;;;;
;may-16;103,53;97,18;102,82;83,93;99,53;120,50;114,14;95,14;118,44;111,89;91,66;118,30;100,33;107,36;99,74;94,32;142,58;104,76;99,70;88,23;121,52;104,15;102,09;;;;;;;;
;jun-16;101,28;90,04;96,91;78,86;96,79;115,26;112,03;106,30;117,63;99,70;91,63;114,61;96,85;97,97;97,43;93,17;139,96;98,34;93,61;82,57;113,27;101,00;102,40;;;;;;;;
;jul-16;101,65;86,50;95,61;74,91;96,85;129,00;103,39;98,89;135,26;101,06;93,07;117,78;103,02;100,97;98,08;96,17;152,72;96,04;98,96;88,33;117,35;100,59;105,45;;;;;;;;
;ago-16;103,93;98,25;98,00;85,70;105,97;141,36;116,13;93,87;130,66;111,62;127,80;121,40;97,85;94,07;96,91;97,44;150,07;100,53;98,82;93,65;105,90;105,69;102,46;;;;;;;;
;sep-16;106,50;131,83;97,75;98,99;96,67;132,35;117,03;98,67;114,58;106,42;131,10;112,48;102,00;92,02;106,86;97,26;140,33;96,91;96,77;86,29;114,60;102,54;98,82;;;;;;;;
;oct-16;105,89;117,72;91,28;70,96;91,93;136,28;124,63;100,73;111,54;114,06;110,78;113,40;107,55;99,66;98,93;90,88;144,71;99,11;98,46;92,37;111,44;104,06;97,67;;;;;;;;
;nov-16;113,57;122,08;98,27;74,76;108,37;129,90;135,26;123,76;118,47;116,33;104,40;125,41;101,42;115,49;96,10;87,81;178,68;108,51;107,47;101,80;118,06;101,69;99,22;;;;;;;;
;dic-16;136,09;132,33;98,27;76,07;143,57;153,34;113,44;145,75;116,76;121,50;94,36;141,96;128,25;178,65;125,61;96,02;241,56;108,23;169,48;147,62;207,27;123,02;127,56;;;;;;;;
;ene-17;103,74;104,16;101,91;66,58;101,10;155,15;112,90;96,69;113,45;105,35;81,94;115,21;100,49;106,51;97,21;90,81;170,78;108,95;99,87;94,81;121,04;98,71;95,22;;;;;;;;
;feb-17;98,78;97,74;88,40;57,72;102,54;132,30;100,77;93,00;109,59;102,45;69,98;107,53;97,76;102,71;94,49;90,99;161,16;99,88;94,81;111,79;126,80;92,14;88,25;;;;;;;;
;mar-17;117,12;128,65;102,27;71,76;122,05;162,62;129,88;120,53;119,98;121,18;84,77;127,06;106,37;109,59;108,22;98,25;201,99;112,22;111,70;133,80;133,78;109,24;100,57;;;;;;;;
;abr-17;103,18;109,53;88,83;67,09;102,02;139,93;113,96;93,63;113,46;99,78;77,93;115,75;105,86;105,16;101,06;93,04;163,95;96,54;97,79;90,32;132,66;96,14;91,00;;;;;;;;
;may-17;110,40;116,39;98,16;79,55;102,36;125,41;125,46;106,17;122,55;113,09;89,10;126,62;99,06;119,01;100,95;89,92;179,97;105,59;111,00;87,58;143,70;106,99;105,98;;;;;;;;
;jun-17;105,36;108,70;95,93;76,22;92,59;114,40;120,75;110,47;123,60;103,04;81,70;121,05;99,54;102,75;98,59;86,31;163,01;94,33;99,86;79,17;128,43;100,76;103,72;;;;;;;;
;jul-17;106,01;114,26;98,80;74,98;88,76;127,36;112,81;104,76;127,93;106,35;92,73;119,22;103,71;105,18;100,35;87,35;173,69;96,77;102,03;83,35;126,46;100,99;105,13;;;;;;;;
;ago-17;109,65;131,27;101,79;86,23;96,50;144,00;121,31;105,09;128,02;113,25;121,60;128,54;100,24;99,52;99,48;92,86;173,28;101,11;103,85;88,03;116,81;102,21;105,59;;;;;;;;
;sep-17;110,49;154,54;92,91;91,73;98,29;132,93;116,16;103,60;117,55;99,97;131,12;113,96;107,86;97,61;109,73;92,01;154,78;95,94;96,94;82,06;128,14;100,55;97,12;;;;;;;;
;oct-17;113,16;131,04;96,18;76,01;92,16;151,32;139,75;116,62;122,57;112,74;132,21;123,54;105,44;102,21;100,51;87,57;169,08;104,62;101,16;94,13;123,44;101,81;103,28;;;;;;;;
;nov-17;120,61;140,76;103,38;70,72;103,82;144,29;143,74;137,08;115,99;117,92;121,25;132,85;105,44;119,31;99,40;90,95;198,59;114,97;113,68;97,25;133,11;104,14;102,72;;;;;;;;
;dic-17;140,61;152,89;96,47;75,24;149,67;150,05;118,54;139,08;128,95;123,61;97,16;138,58;135,71;187,96;125,73;91,15;277,25;111,35;172,27;145,52;227,81;119,64;126,72;;;;;;;;
;ene-18;112,34;138,07;103,97;64,87;111,63;158,24;121,13;110,52;124,43;114,92;93,86;125,56;100,88;108,34;96,35;90,55;171,68;115,28;98,56;89,60;130,51;99,93;96,94;;;;;;;;
;feb-18;103,26;112,06;92,54;62,97;106,59;133,96;108,17;96,34;116,69;105,44;77,40;109,80;102,18;105,94;93,40;83,32;158,06;104,91;93,87;107,90;135,79;90,06;90,33;;;;;;;;
;mar-18;120,49;144,39;100,28;78,45;123,65;145,84;133,57;120,67;128,50;116,76;89,34;126,64;117,56;115,67;106,89;91,44;200,28;111,27;110,05;126,44;145,08;105,32;98,71;;;;;;;;
;abr-18;114,00;141,79;103,28;82,14;113,14;142,72;127,98;110,02;119,94;120,35;87,87;124,60;104,51;111,58;101,25;89,53;182,92;107,22;101,16;95,02;141,96;99,75;93,78;;;;;;;;
;may-18;115,31;136,63;100,10;89,16;105,69;130,41;131,30;114,67;117,92;118,37;88,49;130,84;103,28;125,77;102,23;90,48;187,80;106,70;106,30;84,32;147,63;102,35;101,86;;;;;;;;
;jun-18;112,75;141,02;99,10;88,16;97,70;122,23;123,64;116,64;120,90;113,17;86,35;122,77;106,08;109,13;99,45;91,95;189,55;99,93;102,03;80,42;142,55;98,84;103,51;;;;;;;;
;jul-18;107,36;127,62;95,30;92,10;95,01;134,71;113,38;105,98;121,16;107,58;95,22;121,13;104,42;102,90;97,64;92,32;182,42;93,09;99,76;76,56;127,10;97,17;100,45;;;;;;;;
;ago-18;115,70;150,85;105,01;103,83;101,82;135,72;125,68;120,27;123,83;118,23;121,61;126,82;104,88;101,23;102,40;94,00;186,18;103,58;105,29;88,53;120,85;102,61;106,77;;;;;;;;
;sep-18;109,97;158,08;94,59;101,54;95,12;115,62;120,66;105,43;107,27;92,43;124,81;106,29;112,37;97,66;106,93;85,12;168,22;87,62;96,08;75,84;129,93;97,20;94,31;;;;;;;;
;oct-18;124,07;153,20;110,23;95,81;99,47;159,60;152,30;143,04;116,00;122,52;138,87;129,17;106,01;112,44;101,97;95,68;212,22;113,62;109,17;95,94;127,26;105,79;107,54;;;;;;;;
;nov-18;119,56;145,80;108,54;92,64;98,74;146,27;144,58;134,86;118,99;116,79;112,81;127,44;107,93;109,96;99,33;82,67;212,34;108,27;107,21;99,18;136,35;98,29;98,85;;;;;;;;
;dic-18;143,17;161,06;100,59;94,83;153,38;147,74;119,16;139,15;140,74;119,38;103,54;137,20;136,29;187,40;125,75;89,54;301,71;106,89;174,84;149,67;241,10;123,04;126,37;;;;;;;;
;ene-19;115,88;145,19;116,27;86,46;111,04;150,95;125,05;119,02;141,18;118,05;100,88;122,98;101,34;104,08;97,87;91,16;202,84;113,67;101,43;88,80;129,18;101,60;96,40;;;;;;;;
;feb-19;107,86;121,54;95,74;81,47;104,92;118,56;114,11;114,27;125,25;109,48;82,29;114,21;103,43;103,79;94,86;87,10;174,60;103,74;97,36;105,41;131,93;92,03;90,31;;;;;;;;
;mar-19;124,09;138,13;109,38;107,18;126,87;147,71;138,93;132,49;127,55;121,20;91,47;132,55;116,55;117,98;106,93;89,90;222,14;114,34;118,47;131,68;149,02;106,38;102,42;;;;;;;;
;abr-19;117,09;128,36;109,32;105,79;111,46;134,94;129,10;133,77;133,00;121,24;90,62;123,54;106,21;104,12;102,93;88,73;207,00;110,21;103,81;89,31;138,10;99,60;98,49;;;;;;;;
;may-19;121,80;132,54;109,71;108,56;97,54;125,10;142,02;135,24;141,03;121,44;92,62;134,81;106,03;130,67;107,35;89,60;219,50;108,39;116,44;82,50;157,50;107,03;107,07;;;;;;;;
;jun-19;115,04;130,37;102,77;105,17;99,19;113,53;123,59;131,59;140,19;109,04;88,64;129,43;109,60;106,87;101,51;86,00;206,31;95,01;98,82;82,82;142,09;99,72;100,10;;;;;;;;
;jul-19;114,65;128,29;107,56;120,07;93,51;137,47;140,21;118,53;149,66;115,58;100,98;135,99;103,37;101,13;103,75;89,51;213,52;104,88;102,20;78,90;130,51;102,94;103,87;;;;;;;;
;ago-19;119,37;144,74;108,14;124,80;102,78;135,16;129,09;122,63;148,54;119,86;127,64;140,76;109,94;102,96;109,24;90,82;221,84;108,01;110,17;92,64;131,85;103,46;108,04;;;;;;;;
;sep-19;115,95;151,87;97,96;134,72;99,78;118,24;129,93;127,22;131,05;101,20;130,56;122,42;111,10;93,19;110,63;83,52;193,86;93,06;95,64;81,17;129,16;100,46;95,79;;;;;;;;
;oct-19;112,48;107,93;102,98;116,22;93,08;117,49;133,63;131,97;133,01;120,74;134,85;129,56;104,28;93,51;106,88;85,31;222,99;110,55;98,27;86,39;102,95;96,32;100,29;;;;;;;;
;nov-19;114,13;106,51;103,11;111,01;103,42;115,95;142,87;139,84;122,82;121,95;114,68;134,05;97,60;97,12;105,69;82,87;229,89;111,24;98,78;95,71;118,77;94,00;98,60;;;;;;;;
;dic-19;144,92;142,74;110,56;107,20;163,85;150,76;128,67;153,88;133,39;123,51;105,30;148,94;127,92;180,99;133,49;93,25;351,37;114,68;164,19;150,71;232,65;114,44;133,79;;;;;;;;
;ene-20;118,39;121,65;117,85;115,27;108,73;153,96;140,96;135,25;136,32;117,65;96,43;128,26;100,45;104,86;105,70;94,87;229,37;118,83;95,75;92,13;132,89;101,12;103,84;;;;;;;;
;feb-20;112,44;110,17;103,90;111,54;109,20;131,90;122,42;115,52;142,04;109,87;81,50;119,55;110,00;108,78;104,78;95,59;201,62;111,21;92,39;112,17;144,34;95,75;96,94;;;;;;;;
;mar-20;113,04;76,57;100,16;111,11;122,39;99,55;146,02;136,20;135,95;117,12;99,06;128,25;125,16;82,22;106,66;82,16;245,04;113,83;81,18;91,80;81,91;110,89;94,65;;;;;;;;
;abr-20;87,72;41,69;81,17;109,14;93,55;49,48;112,05;112,72;134,97;96,91;83,34;113,73;97,52;60,60;96,25;44,86;205,98;102,51;65,33;55,58;39,76;81,78;73,65;;;;;;;;
;may-20;93,52;48,72;77,49;99,51;89,50;55,87;108,71;118,80;151,16;91,95;79,43;122,00;108,43;84,13;95,57;55,73;193,81;106,23;76,50;49,28;53,32;89,15;81,79;;;;;;;;
;jun-20;97,20;68,22;84,30;105,66;87,85;64,38;114,55;131,82;141,95;94,01;90,65;120,25;101,31;81,29;91,32;55,41;213,73;101,97;70,41;47,50;59,95;85,64;87,98;;;;;;;;
;jul-20;102,27;72,30;87,11;111,38;89,90;94,49;127,93;129,79;132,58;104,47;104,47;125,77;103,56;89,45;100,42;65,75;224,34;109,38;77,11;53,61;63,74;93,94;93,98;;;;;;;;
;ago-20;121,60;104,74;104,38;119,13;98,03;103,98;135,02;134,69;129,22;113,70;124,75;142,09;129,84;146,15;119,09;75,76;286,18;140,59;121,28;79,04;101,11;103,93;103,05;;;;;;;;
;sep-20;124,63;143,37;108,39;135,72;99,57;124,91;140,20;137,63;126,08;121,28;143,63;133,19;116,49;130,26;124,16;68,78;245,70;140,59;107,48;82,15;117,40;101,82;103,59;;;;;;;;
;oct-20;130,84;140,47;113,64;119,41;88,86;152,82;167,52;150,94;134,76;137,31;137,19;141,47;120,55;127,87;121,32;76,16;258,11;154,96;106,75;96,27;128,11;109,03;109,41;;;;;;;;
;nov-20;132,51;129,77;111,61;105,33;97,35;166,37;162,09;142,69;138,88;140,11;115,24;147,46;114,02;163,63;115,74;76,99;303,49;155,97;125,79;106,20;152,85;110,39;113,88;;;;;;;;
;dic-20;155,61;128,85;108,64;108,64;172,25;156,16;138,44;159,38;141,95;138,10;105,80;166,77;150,87;216,44;147,80;90,24;386,50;158,70;182,10;146,00;238,66;132,27;137,60;;;;;;;;
;ene-21;124,17;102,18;113,92;117,86;121,98;130,23;156,09;140,03;131,11;130,41;91,21;134,25;117,12;129,31;116,58;87,67;277,38;156,29;107,94;77,88;115,12;109,19;103,33;;;;;;;;
;feb-21;118,31;107,91;106,25;99,44;96,23;124,83;141,58;134,27;120,09;129,91;94,85;133,16;110,59;125,42;113,00;86,88;278,65;148,29;101,27;84,35;120,77;97,40;104,93;;;;;;;;
;mar-21;134,81;135,76;117,29;98,95;111,62;138,08;167,67;161,65;126,81;149,42;96,04;156,62;127,27;131,73;124,59;93,70;349,38;169,24;106,94;91,23;107,48;117,14;110,60;;;;;;;;
;abr-21;117,60;127,08;106,00;111,65;99,22;107,38;149,52;140,95;116,54;139,10;89,49;133,48;113,31;101,48;115,91;68,14;284,87;152,64;81,69;73,16;66,68;107,88;92,96;;;;;;;;
;may-21;139,66;141,29;114,12;101,45;94,72;140,24;161,94;145,00;125,55;143,11;86,12;138,16;136,26;193,19;133,86;88,29;344,33;165,85;149,68;92,75;169,86;125,87;115,39;;;;;;;;
;jun-21;137,89;139,14;119,05;83,76;100,64;153,33;155,19;156,89;128,44;140,82;94,28;141,09;129,48;167,11;129,40;87,27;362,17;154,82;132,06;86,77;157,53;121,22;118,19;;;;;;;;
;jul-21;144,46;135,04;127,19;132,93;104,75;184,81;171,35;152,61;141,96;144,49;105,82;143,52;130,23;177,14;135,46;93,81;325,75;156,87;136,32;95,62;202,34;124,33;135,70;;;;;;;;
;ago-21;148,88;136,77;132,33;125,08;106,15;194,31;169,04;171,47;138,20;145,58;120,77;148,85;131,02;175,14;137,02;111,12;354,22;158,96;144,16;108,93;200,24;126,45;136,42;;;;;;;;
;sep-21;146,44;168,12;126,52;118,54;107,72;168,07;175,73;166,23;132,03;129,60;130,88;141,60;130,92;148,77;142,94;104,75;327,24;148,40;129,60;101,98;193,98;120,11;128,07;;;;;;;;
;oct-21;148,40;146,62;129,46;111,03;97,34;208,55;175,93;159,14;121,72;130,86;126,97;143,84;137,04;184,13;141,79;107,64;344,36;158,40;143,41;114,65;208,66;127,34;132,67;;;;;;;;
;nov-21;150,33;154,79;135,89;121,72;101,62;198,55;180,23;179,13;118,44;132,91;108,56;152,03;130,51;172,66;135,61;107,41;358,96;162,85;137,44;126,12;195,65;125,37;133,56;;;;;;;;
;dic-21;176,21;155,55;128,90;133,17;186,67;200,21;153,43;191,84;135,56;126,87;101,48;168,87;161,28;249,39;165,30;117,14;458,26;152,20;187,95;163,31;314,16;144,99;162,43;;;;;;;;
;ene-22;138,14;130,48;130,28;107,70;131,07;170,15;161,89;169,67;125,46;119,32;84,99;132,26;125,74;138,17;126,25;117,44;333,86;149,64;112,91;96,16;154,06;116,99;116,38;;;;;;;;
;feb-22;124,26;120,93;107,09;110,97;101,43;169,82;140,31;138,33;111,55;105,37;73,24;123,63;123,11;134,47;122,08;117,93;296,93;134,28;106,83;99,87;155,94;105,32;110,56;;;;;;;;
;mar-22;146,46;150,12;125,46;104,58;116,91;204,94;187,92;170,70;115,66;128,51;104,27;156,90;129,10;149,19;132,01;123,47;377,29;150,27;121,29;118,07;181,24;127,63;124,98;;;;;;;;
;abr-22;133,10;144,62;114,70;98,88;110,08;182,09;164,22;147,52;105,10;115,96;82,10;131,68;123,23;138,54;122,48;110,87;309,62;126,67;108,28;92,75;187,09;114,52;115,32;;;;;;;;
;may-22;137,89;149,11;122,10;115,03;97,37;179,91;168,22;161,00;94,16;118,20;90,24;140,15;116,76;156,33;124,57;125,42;334,31;132,19;118,94;94,94;200,22;122,24;122,69;;;;;;;;
;jun-22;130,92;159,90;113,36;105,19;91,29;152,84;135,69;163,58;96,44;107,38;88,57;131,92;113,29;134,72;119,12;125,95;335,08;116,57;110,23;85,46;182,08;116,20;118,33;;;;;;;;
;jul-22;128,05;139,40;116,60;121,55;89,48;183,90;136,45;148,70;92,45;105,34;92,22;136,95;120,36;129,76;122,19;130,86;320,07;113,98;108,79;88,37;176,27;112,26;125,62;;;;;;;;
;ago-22;131,11;138,11;117,74;111,76;90,53;182,54;158,38;152,65;112,97;112,91;107,04;139,85;117,44;121,87;126,45;114,55;352,18;122,24;113,36;96,07;163,89;122,25;124,79;;;;;;;;
;sep-22;127,91;163,08;105,58;128,69;90,11;174,95;153,82;148,80;112,00;102,29;110,90;122,38;114,63;105,64;130,29;106,92;312,64;109,57;100,99;86,56;162,46;113,53;114,60;;;;;;;;
/R;oct-22;131,40;154,80;109,89;103,17;83,90;192,29;144,24;147,72;108,70;104,98;95,08;128,53;122,33;141,43;120,71;115,95;352,77;116,39;118,67;96,52;181,73;120,16;121,18;;;;;;;;
;nov-22;136,17;163,77;103,87;112,80;91,77;189,09;170,72;177,51;108,40;120,46;90,20;136,46;107,99;123,04;116,85;111,31;391,36;121,37;111,03;98,00;171,88;119,25;121,57;;;;;;;;
;dic-22;162,19;163,85;109,04;121,02;186,92;193,92;140,71;180,32;141,71;112,50;83,67;152,63;138,62;198,53;143,45;108,65;528,73;119,83;158,45;134,09;296,22;137,97;148,11;;;;;;;;
;ene-23;128,27;147,29;112,96;118,57;97,58;178,18;141,71;167,90;140,40;110,77;71,14;130,81;107,61;107,81;114,19;108,61;383,14;120,99;97,11;87,48;149,67;109,29;108,80;;;;;;;;
;feb-23;119,96;135,39;95,98;90,47;94,51;158,30;137,11;147,75;130,75;97,11;65,41;118,05;107,87;107,45;111,26;102,64;302,06;110,19;94,54;95,26;158,03;103,91;104,92;;;;;;;;
;mar-23;140,82;181,24;116,45;102,70;110,09;186,57;163,52;178,82;148,62;116,89;82,67;149,31;115,44;114,23;124,95;102,45;407,85;125,38;111,00;106,52;160,90;127,02;117,72;;;;;;;;
;abr-23;124,73;132,12;100,46;110,41;93,03;151,62;139,59;160,20;136,72;104,47;75,69;122,32;113,00;107,08;116,61;93,94;341,94;108,61;97,67;81,47;167,29;120,18;108,31;;;;;;;;
;may-23;131,03;132,45;107,69;102,87;88,74;165,82;157,64;172,00;129,76;112,21;85,83;148,70;103,81;126,81;119,69;90,21;366,39;115,05;111,17;82,03;183,20;125,36;115,12;;;;;;;;
;jun-23;120,47;131,25;97,66;99,00;84,48;147,08;134,17;157,19;118,77;100,91;77,75;137,21;107,19;97,69;116,20;84,22;350,76;98,62;98,93;77,22;162,19;116,05;111,32;;;;;;;;
;jul-23;121,79;114,10;99,85;118,22;86,30;171,30;144,08;153,42;117,73;98,12;94,48;145,85;111,13;104,47;119,15;91,01;337,10;100,13;106,39;80,21;162,34;114,03;115,37;;;;;;;;
;ago-23;126,70;130,78;104,22;129,83;86,91;175,63;156,28;174,94;103,15;105,64;108,08;143,41;106,48;98,26;120,28;97,07;368,79;101,63;104,68;82,80;144,26;115,89;115,45;;;;;;;;
/R;sep-23;123,45;148,95;97,26;143,34;84,20;158,31;148,13;157,54;105,84;90,59;112,21;126,67;112,62;90,02;127,50;103,65;342,66;91,58;101,26;76,52;151,99;114,11;107,59;;;;;;;;
;oct-23;130,27;133,93;112,28;125,16;83,20;192,14;153,95;167,83;111,10;103,97;112,23;135,52;109,65;122,38;121,56;103,47;403,50;109,10;117,60;81,49;165,00;120,35;116,75;;;;;;;;
;;;;;;;;;;;;;;;;;;;;;;;;;;;;;;;;
;Variación (%);;;;;;;;;;;;;;;;;;;;;;;;;;;;;;;
;Mensual;5,5;-10,1;15,4;-12,7;-1,2;21,4;3,9;6,5;5,0;14,8;0,0;7,0;-2,6;35,9;-4,7;-0,2;17,8;19,1;16,1;6,5;8,6;5,5;8,5;;;;;;;;
;En 12 meses;-0,9;-13,5;2,2;21,3;-0,8;-0,1;6,7;13,6;2,2;-1,0;18,0;5,4;-10,4;-13,5;0,7;-10,8;14,4;-6,3;-0,9;-15,6;-9,2;0,2;-3,7;;;;;;;;
;Acumulada;-4,6;-4,3;-10,1;3,0;-9,3;-6,0;-4,8;5,7;15,7;-7,1;-4,6;1,0;-9,2;-20,3;-4,4;-17,8;8,4;-15,0;-7,1;-10,9;-8,0;-0,4;-6,1;;;;;;;;
;Ponderación;;0,08894;0,03935;0,00858;0,07646;0,01960;0,07262;0,14871;0,03458;0,03870;0,02850;0,01782;0,11527;0,07903;0,03560;0,01304;0,00804;0,02156;0,01148;0,01034;0,03723;0,04509;0,04948;;;;;;;;
;Incidencia;;-1,413;0,072;0,144;-0,041;-0,002;0,537;2,276;0,063;-0,030;0,372;0,095;-1,112;-1,146;0,023;-0,124;0,310;-0,120;-0,009;-0,118;-0,474;0,007;-0,167;;;;;;;;
;;;;;;;;;;;;;;;;;;;;;;;;;;;;;;;;
;;;;;;;;;;;;;;;;;;;;;;;;;;;;;;;;
/Ref: Cifras referenciales. Los índices del período base promedio año 2014=100 calculados desde enero de 2014 hasta diciembre de 2016 son sólo referenciales, dado que existen datos oficiales publicados para dicho período. A partir de enero de 2017 la cifra mensual tiene carácter de oficial.;;;;;;;;;;;;;;;;;;;;;;;;;;;;;;;;
/P: Cifras provisionales año 2022 y 2023.;;;;;;;;;;;;;;;;;;;;;;;;;;;;;;;;
/R: Cifras rectificadas. Para más información ver Boletín Sectores Económicos Índice de Actividad del Comercio (IAC).;;;;;;;;;;;;;;;;;;;;;;;;;;;;;;;;
Clase 4510: Venta de vehículos automotores.;;;;;;;;;;;;;;;;;;;;;;;;;;;;;;;;
Clase 4530: Venta de partes, piezas y accesorios para vehículos automotores.;;;;;;;;;;;;;;;;;;;;;;;;;;;;;;;;
"Clase 4620: Venta al por mayor de materias primas agropecuarias y animales vivos.
";;;;;;;;;;;;;;;;;;;;;;;;;;;;;;;;
Clase 4630: Venta al por mayor de alimentos, bebidas y tabaco.;;;;;;;;;;;;;;;;;;;;;;;;;;;;;;;;
Clase 4641: Venta al por mayor de productos textiles, prendas de vestir y calzado.;;;;;;;;;;;;;;;;;;;;;;;;;;;;;;;;
Clase 4649: Venta al por mayor de otros enseres domésticos.;;;;;;;;;;;;;;;;;;;;;;;;;;;;;;;;
"Clase 4650: La clase definida como 4650 agrupa todas las clases incluidas en el grupo 465, 4651 “venta al por mayor de computadores, equipo periférico y programas informáticos”; 4652 “venta al por mayor de equipo, partes y piezas electrónicos y de telecomunicaciones”; 4653 “venta al por mayor de maquinaria, equipo y materiales agropecuarios”, y 4659 “venta al por mayor de otros tipos de maquinaria y equipo”.";;;;;;;;;;;;;;;;;;;;;;;;;;;;;;;;
Clase 4661: Venta al por mayor de combustibles sólidos, líquidos y gaseosos y productos conexos.;;;;;;;;;;;;;;;;;;;;;;;;;;;;;;;;
Clase 4663: Venta al por mayor de materiales de construcción, artículos de ferretería y equipo y materiales de gas?tería y calefacción.;;;;;;;;;;;;;;;;;;;;;;;;;;;;;;;;
Clase 4669: Venta al por mayor de desperdicios, desechos, chatarra y otros productos no clasificado previamente.;;;;;;;;;;;;;;;;;;;;;;;;;;;;;;;;
Clase 4690: Venta al por mayor no especializada.;;;;;;;;;;;;;;;;;;;;;;;;;;;;;;;;
Clase 4711: Venta al por menor en comercios no especializados con predominio de la venta de alimentos, bebidas o tabaco.;;;;;;;;;;;;;;;;;;;;;;;;;;;;;;;;
Clase 4719: Otras actividades de venta al por menor en comercios no especializados.;;;;;;;;;;;;;;;;;;;;;;;;;;;;;;;;
"Clase 4720: La clase definida como 4720 agrupa todas las clases incluidas en el grupo 472, 4721 “venta al por menor de alimentos en comercios especializados”; 4722 “venta al por menor de bebidas en comercios especializados”, y 4723 “venta al por menor de productos de tabaco en comercios especializados”.";;;;;;;;;;;;;;;;;;;;;;;;;;;;;;;;
Clase 4730: Venta al por menor de combustibles para vehículos automotores en comercios especializados.;;;;;;;;;;;;;;;;;;;;;;;;;;;;;;;;
Clase 4740: La clase definida como 4740 agrupa todas las clases incluidas en el grupo 474: 4741 “venta al por menor de computadores, equipo periférico, programas informáticos y equipo de telecomunicaciones en comercios especializados”, y 4742 ”venta al por menor de equipo de sonido y de video en comercios especializados”.;;;;;;;;;;;;;;;;;;;;;;;;;;;;;;;;
Clase 4752: Venta al por menor de artículos de ferretería, pinturas y productos de vidrio en comercios especializados.;;;;;;;;;;;;;;;;;;;;;;;;;;;;;;;;
Clase 4759: Venta al por menor de aparatos eléctricos de uso doméstico, muebles, equipo de iluminación y otros enseres domésticos en comercios especializados.;;;;;;;;;;;;;;;;;;;;;;;;;;;;;;;;
"Clase 4760: La clase definida como 4760 agrupa todas las clases incluidas en el grupo 476, 4761 “venta al por menor de libros, periódicos y artículos de papelería en comercios especializados”; 4762 “venta al por menor de grabaciones de música y de video en comercios especializados”; 4763 “venta al por menor de equipo de deporte en comercios especializados”, y 4764 “venta al por menor de juegos y juguetes en comercios especializados”.";;;;;;;;;;;;;;;;;;;;;;;;;;;;;;;;
Clase 4771: Venta al por menor de prendas de vestir, calzado y artículos de cuero en comercios especializados.;;;;;;;;;;;;;;;;;;;;;;;;;;;;;;;;
Clase 4772: Venta al por menor de productos farmacéuticos, medicinales, cosméticos y artículos de tocador en comercios especializados.;;;;;;;;;;;;;;;;;;;;;;;;;;;;;;;;
Clase 4773: Venta al por menor de otros productos nuevos en comercios especializados.;;;;;;;;;;;;;;;;;;;;;;;;;;;;;;;;
"Nota: Las variaciones porcentuales del año 2017 fueron calculadas utilizando las cifras referenciales correspondientes al año 2016, es decir, la variación mensual de enero 2017 se calculó con la cifra referencial de diciembre de 2016; las variaciones en doce meses y acumulada se calcularon con las cifras referenciales del año 2016.";;;;;;;;;;;;;;;;;;;;;;;;;;;;;;;;
